{"type": "FeatureCollection", "features": [{"type": "Feature", "geometry": {"type": "Polygon", "coordinates": [[[-118.18067999997476, 33.78259800020163], [-118.1806819996246, 33.78165499968943], [-118.18067499995188, 33.78082999965494], [-118.18067499995188, 33.780763999965934], [-118.18067800032493, 33.77896399963301], [-118.18067900014984, 33.778290999899276], [-118.18067999997476, 33.7777630002454], [-118.1806769996017, 33.777078000047354], [-118.18067400012696, 33.77654300015967], [-118.18067599977681, 33.775870999898665], [-118.1806769996017, 33.775343000262346], [-118.18016299976581, 33.775343000262346], [-118.17796799960674, 33.77534000001753], [-118.17790400003263, 33.77534000001753], [-118.17634099971022, 33.77533800035209], [-118.17633300021262, 33.77536899964179], [-118.17633900006038, 33.77671000033114], [-118.17633800023549, 33.77722400016628], [-118.17633599968735, 33.77792300016741], [-118.17633599968735, 33.77806200023976], [-118.17634300025836, 33.77896500017012], [-118.17633099966446, 33.78078500034765], [-118.17632999983957, 33.78117400001624], [-118.17632800018976, 33.782611999659125], [-118.17792400012412, 33.78260100019224], [-118.17901299989526, 33.782602999688116], [-118.17966800019649, 33.782602999688116], [-118.1800630002067, 33.782604000182715], [-118.18067999997476, 33.78259800020163]]]}, "properties": {"GEOID": "06037576401", "renters": 1420, "pop": 5054, "renter_occ": 1484, "households": 1950, "pct_burden": 51.6, "pct_severe": 24.1, "pct_senior_burden": 83.2, "pct_low_income_burden": 100, "pct_white": null, "pct_black": null, "pct_asian": null, "pct_latino": null}}, {"type": "Feature", "geometry": {"type": "Polygon", "coordinates": [[[-118.17539800042726, 33.86736499976181], [-118.17539000003131, 33.86718699997364], [-118.17538500000848, 33.86554499972851], [-118.17537900016067, 33.86418600020329], [-118.17537999998558, 33.863737999748174], [-118.17537300031289, 33.86282800023513], [-118.1753599998941, 33.861924000360865], [-118.17442000008585, 33.861928999687564], [-118.17347100005675, 33.861928000120656], [-118.17245799955526, 33.861933999759934], [-118.1715090004245, 33.861938999832], [-118.17056100022033, 33.86194399990378], [-118.16960399979534, 33.86195000028794], [-118.1686010002379, 33.86194799966263], [-118.16858799981911, 33.86012799977951], [-118.16426899964603, 33.86014799974307], [-118.1631179999506, 33.86015299991971], [-118.16037399979554, 33.86016900003549], [-118.15988400024908, 33.86016900003549], [-118.15988699972381, 33.861076000063655], [-118.15991199983816, 33.86425400026003], [-118.15991500021121, 33.86475699998503], [-118.15992000023411, 33.86560299973462], [-118.15994000032558, 33.86861000033295], [-118.15994100015048, 33.8687150002878], [-118.15994399962521, 33.86924300029808], [-118.15995100019624, 33.87014700024863], [-118.159957000044, 33.87093200033794], [-118.1599639997167, 33.871703000128385], [-118.1599620000669, 33.87248800007919], [-118.15996899973958, 33.87333199967882], [-118.15997499958735, 33.87377499963433], [-118.15998100033345, 33.87468400013858], [-118.1643289999205, 33.874665000014595], [-118.16563399960174, 33.874658999778305], [-118.16660799974517, 33.87465399970536], [-118.16762700009446, 33.87465600003292], [-118.16867800023077, 33.87464999979595], [-118.1697710001999, 33.87464599988639], [-118.17085300029838, 33.874639999648764], [-118.17193700004667, 33.874629000082145], [-118.17302699964277, 33.87462299984326], [-118.17301599977212, 33.87280899978366], [-118.1730090000994, 33.87190599987851], [-118.17300300025161, 33.87099600016188], [-118.17299599968061, 33.87009900028068], [-118.17298999983282, 33.86918199984358], [-118.17298499980998, 33.86827900035465], [-118.17297800013725, 33.86737500001549], [-118.17350000036907, 33.86736900001263], [-118.17446399956849, 33.867364000258554], [-118.17515900005264, 33.867366000011], [-118.17539800042726, 33.86736499976181]]]}, "properties": {"GEOID": "06037570502", "renters": 270, "pop": 5313, "renter_occ": 279, "households": 1670, "pct_burden": 56.7, "pct_severe": 12.6, "pct_senior_burden": 0, "pct_low_income_burden": 0, "pct_white": null, "pct_black": null, "pct_asian": null, "pct_latino": null}}, {"type": "Feature", "geometry": {"type": "Polygon", "coordinates": [[[-118.20623900028751, 33.76702500030679], [-118.20623900028751, 33.76694799970664], [-118.20622500004383, 33.76555699974187], [-118.20616599959425, 33.764055999855515], [-118.20609299979931, 33.76394100013823], [-118.20343999988083, 33.76049400036647], [-118.20305200044162, 33.76013099967515], [-118.20280800004416, 33.75997200014727], [-118.20008999982835, 33.75860300035283], [-118.20001299983545, 33.758556999798394], [-118.19895099982848, 33.75792200022458], [-118.1978119998286, 33.757217999648184], [-118.19782500024739, 33.75647099998917], [-118.19769999967562, 33.75607499978861], [-118.19760799961412, 33.75575099996135], [-118.19715400005266, 33.7553990000706], [-118.19712100044069, 33.755348999773666], [-118.19582400025706, 33.7548109999322], [-118.19495499969561, 33.75514600033007], [-118.19477800014361, 33.75514600033007], [-118.19440900007267, 33.754777999782014], [-118.19416600039843, 33.75437600026014], [-118.19413299988815, 33.7541290002228], [-118.19287199968953, 33.75367999962974], [-118.19096699995869, 33.753002000259904], [-118.19081600034593, 33.75300800007293], [-118.18858500020185, 33.752220999974504], [-118.18855199969155, 33.75207300036666], [-118.18816400025236, 33.75191600029647], [-118.1873499999425, 33.753574000216275], [-118.18652800013504, 33.75522799992032], [-118.18569499955856, 33.75690500018639], [-118.18484400033711, 33.757187999811315], [-118.18341900010695, 33.757953999875745], [-118.1831039995644, 33.75812399978295], [-118.18212100009843, 33.75852100025651], [-118.18159499966866, 33.75851600011148], [-118.1805479997303, 33.758691999813024], [-118.18026499987306, 33.7587519999173], [-118.17960100024933, 33.759086999851846], [-118.1796199996176, 33.75918099966293], [-118.17975900043308, 33.75924100017173], [-118.1799300001373, 33.75921400035874], [-118.1801540004433, 33.7591370002091], [-118.18020600032182, 33.759170000175004], [-118.18020600032182, 33.75929599979213], [-118.18012699978081, 33.75942299998937], [-118.18014699987229, 33.75958199978875], [-118.18037700002604, 33.75997800021938], [-118.18040200014042, 33.76029599970472], [-118.18079399977758, 33.76065699968922], [-118.18086800029573, 33.76066999974097], [-118.1831400004477, 33.763277000149365], [-118.18325400025051, 33.763229999888836], [-118.18319399997607, 33.76315700025937], [-118.18331299980176, 33.763099000202494], [-118.18336100038066, 33.763153000359665], [-118.1834359998254, 33.76310700000664], [-118.18385299957693, 33.762955999843136], [-118.18344400022131, 33.76319999991564], [-118.1834130002592, 33.76361500023096], [-118.18346099993974, 33.763669000063025], [-118.18349500027496, 33.763739000098994], [-118.18349600009988, 33.76381999971721], [-118.18348400040429, 33.76385200015375], [-118.18334600031203, 33.763954999657486], [-118.18283999997372, 33.76423100016817], [-118.18274899973714, 33.764305000338], [-118.18268199978998, 33.76435899973536], [-118.18256499961413, 33.76442999991457], [-118.18255000044381, 33.76457300005496], [-118.18250199986494, 33.76501300002432], [-118.18247400027586, 33.76527899986736], [-118.18248900034446, 33.765316000254586], [-118.18251199991067, 33.76533200019506], [-118.18255299991857, 33.76533400009408], [-118.18293000038544, 33.76537700015171], [-118.18304900021111, 33.765384999743226], [-118.1831119999603, 33.765379000049634], [-118.1831270000289, 33.76535699967605], [-118.18315600034124, 33.76532199995258], [-118.18315899981596, 33.76527899986736], [-118.18322199956515, 33.76496400006139], [-118.18326299957305, 33.764717999870086], [-118.18329199988536, 33.764624000156964], [-118.18332100019768, 33.764592999966766], [-118.18340300021345, 33.764582999638016], [-118.18348100003125, 33.7645819996798], [-118.18364400023786, 33.76460300029436], [-118.18347600000837, 33.765176999665776], [-118.18344599987117, 33.76525099976556], [-118.18342699960458, 33.765316000254586], [-118.18338200029706, 33.765511999879784], [-118.18323499998394, 33.76614999979975], [-118.18299999980731, 33.766120000101886], [-118.18291600014173, 33.766390999928774], [-118.18276999965353, 33.766865000194514], [-118.18259999977423, 33.76741099995472], [-118.18257800003292, 33.76748399969455], [-118.18239599955972, 33.76808400002856], [-118.18231199989414, 33.76834800021866], [-118.18226300038866, 33.76850599997731], [-118.18226800041153, 33.768539000069744], [-118.18223699955105, 33.76863100014712], [-118.18207800044073, 33.76913899973752], [-118.18238499968906, 33.769291000111494], [-118.18304199964011, 33.76929200001476], [-118.1836960001164, 33.76929200001476], [-118.18434499967152, 33.76929299991806], [-118.18503099993485, 33.76929399982137], [-118.18570999962722, 33.76929499972466], [-118.1863649999284, 33.769295999627936], [-118.1870129996586, 33.76929299991806], [-118.18766799995981, 33.769291000111494], [-118.18832400008594, 33.76928900030481], [-118.18934400026012, 33.76928599984799], [-118.18937400039736, 33.76928599984799], [-118.19043200020639, 33.76929200001476], [-118.19074000017795, 33.76929299991806], [-118.19107999993659, 33.76929499972466], [-118.1917350002378, 33.769295999627936], [-118.192382999968, 33.76929700027791], [-118.1930380002692, 33.76929800018116], [-118.19359999978566, 33.76929800018116], [-118.19369900041818, 33.76929800018116], [-118.19371699996154, 33.76929800018116], [-118.19410500029905, 33.76929700027791], [-118.19505199978, 33.76929299991806], [-118.1957079999061, 33.76929399982137], [-118.19635499981142, 33.76929399982137], [-118.19652100039109, 33.76929299991806], [-118.19719199968748, 33.76928900030481], [-118.19802899956358, 33.76928300013783], [-118.1987480003372, 33.76928400004119], [-118.19936400028035, 33.7692849999446], [-118.1999810000484, 33.769282000234405], [-118.20060399966425, 33.76927899977734], [-118.20121100028489, 33.76928400004119], [-118.20160600029509, 33.76928599984799], [-118.20183600044888, 33.769287999654736], [-118.20236500035338, 33.76931799973702], [-118.20295600018218, 33.76950699986467], [-118.2035570000567, 33.76951200011522], [-118.20415899975615, 33.76951800026621], [-118.20463699960702, 33.76951599971807], [-118.20540700043429, 33.7695200000675], [-118.20558999983406, 33.769520999968144], [-118.20623900028751, 33.76951900016683], [-118.20623900028751, 33.76735299978972], [-118.20623900028751, 33.76720300031401], [-118.20623900028751, 33.76702500030679]]]}, "properties": {"GEOID": "06037576001", "renters": 704, "pop": 3027, "renter_occ": 704, "households": 1184, "pct_burden": 68.2, "pct_severe": 37.6, "pct_senior_burden": 85.1, "pct_low_income_burden": 66.7, "pct_white": null, "pct_black": null, "pct_asian": null, "pct_latino": null}}, {"type": "Feature", "geometry": {"type": "Polygon", "coordinates": [[[-118.19506299965067, 33.78258900022916], [-118.19505699980287, 33.78139499997954], [-118.19505199978, 33.77897500031367], [-118.19504900030525, 33.778294999838984], [-118.19504599993222, 33.77775500031616], [-118.19505199978, 33.77708200004365], [-118.19505599997795, 33.77654099977555], [-118.1950529996049, 33.77587499995137], [-118.19505000013017, 33.7753340002743], [-118.19440300022488, 33.775335999939834], [-118.19373399967996, 33.77533900018479], [-118.1937079997407, 33.77533900018479], [-118.19302800022344, 33.77534199968298], [-118.19238100031815, 33.77534400009503], [-118.19237700012019, 33.77587900000389], [-118.19237100027242, 33.77655100020208], [-118.19237100027242, 33.77656499990131], [-118.1923700004475, 33.777085000227515], [-118.19236899972428, 33.777757999729694], [-118.19237200009734, 33.77829199969757], [-118.19237499957205, 33.778972000196056], [-118.19237899977003, 33.78081100031531], [-118.19237999959495, 33.781398999774304], [-118.19237899977003, 33.781991999945134], [-118.19237799994511, 33.78259200022007], [-118.19302400002549, 33.782592999968145], [-118.1937200003346, 33.78259399971622], [-118.19440700042283, 33.782592999968145], [-118.19471100019646, 33.782589999977276], [-118.19506299965067, 33.78258900022916]]]}, "properties": {"GEOID": "06037575803", "renters": 671, "pop": 2693, "renter_occ": 680, "households": 715, "pct_burden": 65.1, "pct_severe": 27.6, "pct_senior_burden": 63.8, "pct_low_income_burden": 78.2, "pct_white": null, "pct_black": null, "pct_asian": null, "pct_latino": null}}, {"type": "Feature", "geometry": {"type": "Polygon", "coordinates": [[[-118.17199599959788, 33.77613599981332], [-118.17199700032111, 33.77533900018479], [-118.17090799965167, 33.775343000262346], [-118.16982599955317, 33.77534199968298], [-118.16873599995712, 33.77534099985026], [-118.16764600036103, 33.7753459997604], [-118.1676449996378, 33.775631000128016], [-118.16764200016307, 33.77716000030844], [-118.16764200016307, 33.77719300005445], [-118.16763999961493, 33.77806399984167], [-118.16763899979004, 33.778547999939036], [-118.16763899979004, 33.7789729999864], [-118.16763999961493, 33.78258600023814], [-118.16763200011732, 33.782607000173115], [-118.16873699978201, 33.782601999940155], [-118.16981200020777, 33.78261000016339], [-118.16983499977398, 33.78261000016339], [-118.17090900037488, 33.782611999659125], [-118.17199200029825, 33.782605999678545], [-118.17198399990232, 33.7825800002558], [-118.17197899987946, 33.78078600011682], [-118.17198599955216, 33.77973799968553], [-118.17199099957504, 33.778972000196056], [-118.17199200029825, 33.778063000040724], [-118.17199399994809, 33.77722499997702], [-118.17199399994809, 33.777152000322836], [-118.17199599959788, 33.77613599981332]]]}, "properties": {"GEOID": "06037576403", "renters": 1333, "pop": 6594, "renter_occ": 1381, "households": 1769, "pct_burden": 58.6, "pct_severe": 21.8, "pct_senior_burden": 78.7, "pct_low_income_burden": 100, "pct_white": null, "pct_black": null, "pct_asian": null, "pct_latino": null}}, {"type": "Feature", "geometry": {"type": "Polygon", "coordinates": [[[-118.17660900039714, 33.76960000029595], [-118.17670800013136, 33.76906599991404], [-118.17491499965517, 33.768825999749225], [-118.17313899979575, 33.76859299978624], [-118.1713479998677, 33.76835999993641], [-118.17123900008777, 33.76890100033965], [-118.17113199995764, 33.769435000256365], [-118.17199200029825, 33.76954800026796], [-118.17198999975011, 33.77032599983195], [-118.17198999975011, 33.770813999878925], [-118.17198899992519, 33.77119500022842], [-118.1719880001003, 33.77171100004682], [-118.1719880001003, 33.77234400002524], [-118.1719880001003, 33.77272100009179], [-118.17198899992519, 33.77353099977551], [-118.17199099957504, 33.774435000269435], [-118.17198899992519, 33.77511000010067], [-118.17198899992519, 33.7753170001283], [-118.17199700032111, 33.77533900018479], [-118.1736159998217, 33.77534099985026], [-118.1747060003161, 33.77534199968298], [-118.17488399969301, 33.77534199968298], [-118.1749509996402, 33.77534199968298], [-118.17549499961329, 33.775343000262346], [-118.17571899991928, 33.775343000262346], [-118.17597900021028, 33.775343000262346], [-118.1762910003798, 33.77534400009503], [-118.17634099971022, 33.77533800035209], [-118.17633499986243, 33.77487700005206], [-118.17632700036482, 33.774123999907125], [-118.17632900001468, 33.77299000023042], [-118.17633999988533, 33.77171000017172], [-118.17633300021262, 33.771064000022996], [-118.17638199971809, 33.770806999933114], [-118.17640600000755, 33.770674999994114], [-118.17650899993971, 33.77014100033777], [-118.17660900039714, 33.76960000029595]]]}, "properties": {"GEOID": "06037576502", "renters": 998, "pop": 5263, "renter_occ": 1092, "households": 1324, "pct_burden": 67.0, "pct_severe": 36.5, "pct_senior_burden": 81.4, "pct_low_income_burden": 64.5, "pct_white": null, "pct_black": null, "pct_asian": null, "pct_latino": null}}, {"type": "Feature", "geometry": {"type": "Polygon", "coordinates": [[[-118.18941000038237, 33.75001699975882], [-118.19005499973952, 33.749519000211386], [-118.18634200036219, 33.73932299995174], [-118.1863139998748, 33.739248999881674], [-118.18628600028569, 33.73917199973095], [-118.18605299975889, 33.73852999968388], [-118.18525799971556, 33.73624999997259], [-118.18479999995618, 33.73493700005144], [-118.18471600029059, 33.73469699996138], [-118.18308299964798, 33.73001500001937], [-118.18088800038721, 33.72324699987926], [-118.1808380001585, 33.723072000353476], [-118.17582400039959, 33.72309099978981], [-118.17584199994295, 33.723229000170754], [-118.17587999957777, 33.723430000312455], [-118.17885600043475, 33.7456229999565], [-118.17523900041859, 33.75067000030222], [-118.16978799991836, 33.74846999964563], [-118.16864899991847, 33.75337399982451], [-118.16816000019692, 33.75543099991671], [-118.16679199986818, 33.76170499977521], [-118.16676900030197, 33.76180199967471], [-118.16676000008113, 33.761850999951776], [-118.1667280002941, 33.76199899985649], [-118.16660799974517, 33.76258699998091], [-118.16643000036827, 33.76346800010073], [-118.16634800035247, 33.7635789998261], [-118.16619099999367, 33.76410900019279], [-118.16663200003462, 33.76419899987314], [-118.16630800016952, 33.7652799998175], [-118.16614900016087, 33.76579400026861], [-118.1659900001522, 33.76632800013089], [-118.16580600002919, 33.76692599973585], [-118.1656799996325, 33.767337000226576], [-118.16562100008126, 33.767529000014676], [-118.16670400000466, 33.76775299984605], [-118.16776400036181, 33.76788699964534], [-118.16955500028983, 33.76812700019981], [-118.1713479998677, 33.76835999993641], [-118.17313899979575, 33.76859299978624], [-118.17491499965517, 33.768825999749225], [-118.17503500020408, 33.76821999988865], [-118.175148000182, 33.767607000015744], [-118.17536200044223, 33.766531999913155], [-118.17556999995638, 33.765431000367165], [-118.17595200044612, 33.76430800022241], [-118.17634599973309, 33.763270000334664], [-118.17762200000031, 33.763208999684664], [-118.17829099964692, 33.763270000334664], [-118.17881700007669, 33.76314899971307], [-118.18057600021768, 33.76252199966252], [-118.18151100000307, 33.76181200032796], [-118.1806819996246, 33.76077400008409], [-118.18079399977758, 33.76065699968922], [-118.18040200014042, 33.76029599970472], [-118.18037700002604, 33.75997800021938], [-118.18014699987229, 33.75958199978875], [-118.18012699978081, 33.75942299998937], [-118.18020600032182, 33.75929599979213], [-118.18020600032182, 33.759170000175004], [-118.1801540004433, 33.7591370002091], [-118.1799300001373, 33.75921400035874], [-118.17975900043308, 33.75924100017173], [-118.1796199996176, 33.75918099966293], [-118.17960100024933, 33.759086999851846], [-118.18026499987306, 33.7587519999173], [-118.1805479997303, 33.758691999813024], [-118.18159499966866, 33.75851600011148], [-118.18212100009843, 33.75852100025651], [-118.1831039995644, 33.75812399978295], [-118.18341900010695, 33.757953999875745], [-118.18484400033711, 33.757187999811315], [-118.18569499955856, 33.75690500018639], [-118.18652800013504, 33.75522799992032], [-118.1873499999425, 33.753574000216275], [-118.18816400025236, 33.75191600029647], [-118.18764399967037, 33.7517050000729], [-118.18761100005841, 33.75163299970083], [-118.1881109996506, 33.75064900000869], [-118.18873599981457, 33.75051699964647], [-118.18941000038237, 33.75001699975882]]]}, "properties": {"GEOID": "06037576602", "renters": 550, "pop": 3036, "renter_occ": 550, "households": 833, "pct_burden": 56.0, "pct_severe": 35.3, "pct_senior_burden": 68.8, "pct_low_income_burden": 100, "pct_white": null, "pct_black": null, "pct_asian": null, "pct_latino": null}}, {"type": "Feature", "geometry": {"type": "Polygon", "coordinates": [[[-118.16864899991847, 33.75337399982451], [-118.16978799991836, 33.74846999964563], [-118.16762500044464, 33.7475969997625], [-118.16518699971299, 33.74713900010953], [-118.16574099973187, 33.73943300005898], [-118.16276899997115, 33.73918399979783], [-118.16263799955159, 33.739649999850144], [-118.16250799985524, 33.740116999855694], [-118.16179099962974, 33.74243600011497], [-118.16176600041372, 33.7425120001081], [-118.16074200004157, 33.74628099971169], [-118.16071399955416, 33.74638699992436], [-118.15926199955982, 33.75174100023628], [-118.1587810002342, 33.75346300023194], [-118.15751800038578, 33.757987000297064], [-118.15695400032115, 33.76010100011088], [-118.15688400000096, 33.76036200022505], [-118.15653099982354, 33.76142500011159], [-118.15616000010277, 33.76175000014261], [-118.15595900026132, 33.762415999979694], [-118.15577000011544, 33.76304200008262], [-118.15560299971087, 33.76359600006065], [-118.1554439997022, 33.76412399964818], [-118.15526799997511, 33.764727000226515], [-118.15457500003906, 33.76458400034308], [-118.15457400021417, 33.76502600016212], [-118.15458000006196, 33.76603499990526], [-118.15458099988685, 33.766266000225336], [-118.15458400025987, 33.76705700029343], [-118.15458900028277, 33.76795099970957], [-118.15459000010769, 33.7680730001897], [-118.15569599959727, 33.76807400010724], [-118.15590400000973, 33.76807400010724], [-118.15676199980221, 33.76807599994221], [-118.15784399990069, 33.768076999859716], [-118.15851599992033, 33.768076999859716], [-118.1586459996167, 33.768077999777205], [-118.15892500017425, 33.76807899969462], [-118.15930099991787, 33.76807899969462], [-118.15953400044471, 33.76808000035887], [-118.15955700001092, 33.76808000035887], [-118.16005199958025, 33.76808000035887], [-118.16026800038863, 33.76808000035887], [-118.1605839998578, 33.768081000276325], [-118.16166599995628, 33.76807599994221], [-118.16168299967471, 33.76807599994221], [-118.1627720003442, 33.768077999777205], [-118.16293800002556, 33.768077999777205], [-118.16385400044268, 33.76807899969462], [-118.16421000009481, 33.76808000035887], [-118.16473800017442, 33.76807400010724], [-118.16501299963572, 33.76809699970055], [-118.16513599965938, 33.76812900003361], [-118.16520400032975, 33.76816100035471], [-118.16529899986597, 33.76823200037111], [-118.16537900023192, 33.76832400003132], [-118.16538900027766, 33.7682909998561], [-118.16542400043777, 33.76817300009866], [-118.16545700004971, 33.768062000349374], [-118.16546299989751, 33.76804199975358], [-118.16562100008126, 33.767529000014676], [-118.1656799996325, 33.767337000226576], [-118.16580600002919, 33.76692599973585], [-118.1659900001522, 33.76632800013089], [-118.16614900016087, 33.76579400026861], [-118.16630800016952, 33.7652799998175], [-118.16663200003462, 33.76419899987314], [-118.16619099999367, 33.76410900019279], [-118.16634800035247, 33.7635789998261], [-118.16643000036827, 33.76346800010073], [-118.16660799974517, 33.76258699998091], [-118.1667280002941, 33.76199899985649], [-118.16676000008113, 33.761850999951776], [-118.16676900030197, 33.76180199967471], [-118.16679199986818, 33.76170499977521], [-118.16816000019692, 33.75543099991671], [-118.16864899991847, 33.75337399982451]]]}, "properties": {"GEOID": "06037576700", "renters": 736, "pop": 4220, "renter_occ": 755, "households": 1193, "pct_burden": 59.2, "pct_severe": 37.2, "pct_senior_burden": 78.0, "pct_low_income_burden": 100, "pct_white": null, "pct_black": null, "pct_asian": null, "pct_latino": null}}, {"type": "Feature", "geometry": {"type": "Polygon", "coordinates": [[[-118.16766700027743, 33.768401000141814], [-118.16776400036181, 33.76788699964534], [-118.16670400000466, 33.76775299984605], [-118.16562100008126, 33.767529000014676], [-118.16546299989751, 33.76804199975358], [-118.16545700004971, 33.768062000349374], [-118.16542400043777, 33.76817300009866], [-118.16538900027766, 33.7682909998561], [-118.16537900023192, 33.76832400003132], [-118.16529899986597, 33.76823200037111], [-118.16520400032975, 33.76816100035471], [-118.16513599965938, 33.76812900003361], [-118.16501299963572, 33.76809699970055], [-118.16473800017442, 33.76807400010724], [-118.16421000009481, 33.76808000035887], [-118.16385400044268, 33.76807899969462], [-118.16293800002556, 33.768077999777205], [-118.1627720003442, 33.768077999777205], [-118.16168299967471, 33.76807599994221], [-118.16166599995628, 33.76807599994221], [-118.1605839998578, 33.768081000276325], [-118.16058700023083, 33.770739000216246], [-118.16058499968271, 33.7716990000516], [-118.16112899965586, 33.77169599967917], [-118.16112700000603, 33.772600000120484], [-118.16112600018111, 33.773515999726506], [-118.1611379998767, 33.77533699977262], [-118.16222099980006, 33.77533800035209], [-118.16328299980704, 33.77535300008208], [-118.16331799996715, 33.77535300008208], [-118.16437599977617, 33.77534099985026], [-118.16547399976817, 33.775335999939834], [-118.1655530003092, 33.775335999939834], [-118.16602100011434, 33.775335999939834], [-118.16655599986665, 33.77533800035209], [-118.16664399973017, 33.77533800035209], [-118.1673979997656, 33.77534400009503], [-118.16764600036103, 33.7753459997604], [-118.16764600036103, 33.77518100033245], [-118.16764600036103, 33.77509799983486], [-118.16764600036103, 33.774918999963404], [-118.16764700018595, 33.7744289997161], [-118.16764399981288, 33.77355800030513], [-118.16764200016307, 33.772912999763456], [-118.16764399981288, 33.77170599992454], [-118.16763999961493, 33.77080799981874], [-118.16764100033816, 33.770188999687875], [-118.16764100033816, 33.769885000362734], [-118.16764999966067, 33.768969000021706], [-118.16764399981288, 33.768644999647], [-118.16766399990438, 33.76842800004778], [-118.16766700027743, 33.768401000141814]]]}, "properties": {"GEOID": "06037576801", "renters": 1421, "pop": 5476, "renter_occ": 1421, "households": 1865, "pct_burden": 74.2, "pct_severe": 45.5, "pct_senior_burden": 83.8, "pct_low_income_burden": 100, "pct_white": null, "pct_black": null, "pct_asian": null, "pct_latino": null}}, {"type": "Feature", "geometry": {"type": "Polygon", "coordinates": [[[-118.1611379998767, 33.77533699977262], [-118.16112600018111, 33.773515999726506], [-118.16112700000603, 33.772600000120484], [-118.16112899965586, 33.77169599967917], [-118.16058499968271, 33.7716990000516], [-118.16058700023083, 33.770739000216246], [-118.1605839998578, 33.768081000276325], [-118.16026800038863, 33.76808000035887], [-118.16005199958025, 33.76808000035887], [-118.15955700001092, 33.76808000035887], [-118.15953400044471, 33.76808000035887], [-118.15930099991787, 33.76807899969462], [-118.15892500017425, 33.76807899969462], [-118.1586459996167, 33.768077999777205], [-118.15851599992033, 33.768076999859716], [-118.15784399990069, 33.768076999859716], [-118.15676199980221, 33.76807599994221], [-118.15590400000973, 33.76807400010724], [-118.15569599959727, 33.76807400010724], [-118.15459000010769, 33.7680730001897], [-118.15458900028277, 33.768488000057296], [-118.15458699973462, 33.76947799974967], [-118.15458699973462, 33.769886000259135], [-118.15458300043498, 33.771699999926824], [-118.15458900028277, 33.77261000026041], [-118.15458699973462, 33.773519999889174], [-118.1545850000848, 33.77442399975251], [-118.15458300043498, 33.77500900023755], [-118.15458300043498, 33.77534000001753], [-118.15469399986475, 33.77533900018479], [-118.15566600035838, 33.775335999939834], [-118.15648200031806, 33.775335999939834], [-118.15674699973361, 33.77533699977262], [-118.1578380000529, 33.775335999939834], [-118.15892699982409, 33.7753340002743], [-118.16004900010552, 33.77533500010705], [-118.1611379998767, 33.77533699977262]]]}, "properties": {"GEOID": "06037576802", "renters": 1302, "pop": 5646, "renter_occ": 1312, "households": 1754, "pct_burden": 62.1, "pct_severe": 32.9, "pct_senior_burden": 72.6, "pct_low_income_burden": 93.2, "pct_white": null, "pct_black": null, "pct_asian": null, "pct_latino": null}}, {"type": "Feature", "geometry": {"type": "Polygon", "coordinates": [[[-118.1676449996378, 33.775631000128016], [-118.16764600036103, 33.7753459997604], [-118.1673979997656, 33.77534400009503], [-118.16664399973017, 33.77533800035209], [-118.16655599986665, 33.77533800035209], [-118.16602100011434, 33.775335999939834], [-118.1655530003092, 33.775335999939834], [-118.16547399976817, 33.775335999939834], [-118.16437599977617, 33.77534099985026], [-118.16331799996715, 33.77535300008208], [-118.16328299980704, 33.77535300008208], [-118.16222099980006, 33.77533800035209], [-118.16222400017311, 33.777152000322836], [-118.16222800037109, 33.7789729999864], [-118.16113899970159, 33.77897099965903], [-118.16111899961011, 33.780777999723206], [-118.16111100011251, 33.78080900003092], [-118.16111500031046, 33.78259800020163], [-118.16222099980006, 33.782592999968145], [-118.16330399972345, 33.78260100019224], [-118.16438499999701, 33.782602999688116], [-118.16546799992038, 33.78259800020163], [-118.16655699969154, 33.78259200022007], [-118.16707499972541, 33.78259899994959], [-118.16763200011732, 33.782607000173115], [-118.16763999961493, 33.78258600023814], [-118.16763899979004, 33.7789729999864], [-118.16763899979004, 33.778547999939036], [-118.16763999961493, 33.77806399984167], [-118.16764200016307, 33.77719300005445], [-118.16764200016307, 33.77716000030844], [-118.1676449996378, 33.775631000128016]]]}, "properties": {"GEOID": "06037576901", "renters": 1887, "pop": 6197, "renter_occ": 1943, "households": 2305, "pct_burden": 51.1, "pct_severe": 23.7, "pct_senior_burden": 29.6, "pct_low_income_burden": 70.9, "pct_white": null, "pct_black": null, "pct_asian": null, "pct_latino": null}}, {"type": "Feature", "geometry": {"type": "Polygon", "coordinates": [[[-118.15241099984213, 33.775349999837566], [-118.15241199966704, 33.775331000029176], [-118.15132200007098, 33.77532900036348], [-118.15023099975166, 33.77532799978388], [-118.1491419999805, 33.77532600011816], [-118.14805999988204, 33.77532399970569], [-118.14697000028595, 33.77532900036348], [-118.14668300023077, 33.77532600011816], [-118.14588800018748, 33.775321000206866], [-118.14540899961337, 33.775321000206866], [-118.14484600027198, 33.77532200003983], [-118.143708000097, 33.77532399970569], [-118.14300000009234, 33.77532299987276], [-118.14261900032584, 33.77532200003983], [-118.14154399990008, 33.77532699995106], [-118.14134600043165, 33.77532600011816], [-118.14044699973297, 33.77532500028527], [-118.139681000002, 33.77533800035209], [-118.13938100042634, 33.77534400009503], [-118.13826699964252, 33.77532200003983], [-118.13733100003222, 33.77532500028527], [-118.13717700004645, 33.77532600011816], [-118.1347020004032, 33.77532699995106], [-118.13407800006414, 33.77532799978388], [-118.12850500026344, 33.77532600011816], [-118.12741599959399, 33.77532399970569], [-118.12632699982284, 33.77532200003983], [-118.125227000181, 33.77531999962725], [-118.12414699973236, 33.775317999961295], [-118.12306399980898, 33.775316000295334], [-118.1226999997609, 33.77532200003983], [-118.12306299998407, 33.775579999856774], [-118.12414400025763, 33.7763799996917], [-118.12523899987657, 33.777180000269134], [-118.12552000008397, 33.77738699977497], [-118.12571300042782, 33.777529000138635], [-118.12632000015013, 33.77797900029357], [-118.12740700027148, 33.77879300020621], [-118.1276130001358, 33.77894499987951], [-118.12849500021774, 33.779592999901354], [-118.12937399992659, 33.780238000174194], [-118.1302540003587, 33.780882000301766], [-118.13254400005403, 33.782572000029745], [-118.1325549999247, 33.782586999986286], [-118.13415099985907, 33.78258300024702], [-118.13463299990792, 33.78258399999521], [-118.13525499969883, 33.78258499974338], [-118.1356680001507, 33.78258600023814], [-118.13718399971913, 33.78258100000402], [-118.13776200002746, 33.78258600023814], [-118.13829000010705, 33.782589999977276], [-118.1386240000179, 33.782589999977276], [-118.13880700031599, 33.782589999977276], [-118.13933299984747, 33.78259099972538], [-118.13990899960764, 33.78259200022007], [-118.14050100015966, 33.782592999968145], [-118.1410309998891, 33.78259399971622], [-118.14153600040245, 33.782595000210875], [-118.1415530001209, 33.782595000210875], [-118.14209200007114, 33.78258499974338], [-118.14262500017361, 33.78259699970695], [-118.1437159995946, 33.78259599995893], [-118.144806000089, 33.78259599995893], [-118.14588800018748, 33.782595000210875], [-118.14620399965666, 33.782595000210875], [-118.14662999962898, 33.78259599995893], [-118.14696899956272, 33.78259699970695], [-118.1475159999089, 33.78259599995893], [-118.14920599955458, 33.78259399971622], [-118.14963099970201, 33.78259200022007], [-118.15023199957656, 33.78258900022916], [-118.15132200007098, 33.78259699970695], [-118.15240400016943, 33.78258600023814], [-118.15240599981924, 33.78151300019263], [-118.1524080003674, 33.78078500034765], [-118.15241199966704, 33.77896399963301], [-118.1524080003674, 33.77715099976455], [-118.15241099984213, 33.775349999837566]]]}, "properties": {"GEOID": "06037577000", "renters": 1232, "pop": 4266, "renter_occ": 1237, "households": 1544, "pct_burden": 58.0, "pct_severe": 30.3, "pct_senior_burden": 56.6, "pct_low_income_burden": 100, "pct_white": null, "pct_black": null, "pct_asian": null, "pct_latino": null}}, {"type": "Feature", "geometry": {"type": "Polygon", "coordinates": [[[-118.15458900028277, 33.768488000057296], [-118.15459000010769, 33.7680730001897], [-118.15458900028277, 33.76795099970957], [-118.15458400025987, 33.76705700029343], [-118.15458099988685, 33.766266000225336], [-118.15348899974263, 33.766264000348116], [-118.15344600008493, 33.76625700003054], [-118.1524080003674, 33.76625600009185], [-118.1516280003927, 33.7662550001531], [-118.1513880001932, 33.766254000214346], [-118.15131700004808, 33.766260999785366], [-118.15022800027693, 33.766258999907976], [-118.14914500035353, 33.766264000348116], [-118.14806400008, 33.766261999723994], [-118.14697399958558, 33.76625999984668], [-118.14589300021035, 33.76625300027557], [-118.14481000028695, 33.766250999651255], [-118.14372099961747, 33.76624899977364], [-118.14263100002142, 33.766254000214346], [-118.14154999974785, 33.766258999907976], [-118.14154600044822, 33.76806600001991], [-118.14154399990008, 33.76898300021308], [-118.14154200025024, 33.769886000259135], [-118.14154600044822, 33.77078999963562], [-118.14154399990008, 33.771699999926824], [-118.14153499967924, 33.77260299971457], [-118.1415399997021, 33.77351400001844], [-118.14153899987718, 33.77400799966536], [-118.1415380000523, 33.77427800008841], [-118.14153899987718, 33.77438800015506], [-118.14154200025024, 33.77495199982599], [-118.14154399990008, 33.77532699995106], [-118.14261900032584, 33.77532200003983], [-118.14300000009234, 33.77532299987276], [-118.143708000097, 33.77532399970569], [-118.14484600027198, 33.77532200003983], [-118.14540899961337, 33.775321000206866], [-118.14588800018748, 33.775321000206866], [-118.14668300023077, 33.77532600011816], [-118.14697000028595, 33.77532900036348], [-118.14805999988204, 33.77532399970569], [-118.1491419999805, 33.77532600011816], [-118.15023099975166, 33.77532799978388], [-118.15132200007098, 33.77532900036348], [-118.15241199966704, 33.775331000029176], [-118.1534939997655, 33.775332999694776], [-118.15458300043498, 33.77534000001753], [-118.15458300043498, 33.77500900023755], [-118.1545850000848, 33.77442399975251], [-118.15458699973462, 33.773519999889174], [-118.15458900028277, 33.77261000026041], [-118.15458300043498, 33.771699999926824], [-118.15458699973462, 33.769886000259135], [-118.15458699973462, 33.76947799974967], [-118.15458900028277, 33.768488000057296]]]}, "properties": {"GEOID": "06037577100", "renters": 1652, "pop": 4849, "renter_occ": 1660, "households": 1820, "pct_burden": 58.0, "pct_severe": 29.5, "pct_senior_burden": 85.5, "pct_low_income_burden": 100, "pct_white": null, "pct_black": null, "pct_asian": null, "pct_latino": null}}, {"type": "Feature", "geometry": {"type": "Polygon", "coordinates": [[[-118.16263799955159, 33.739649999850144], [-118.16276899997115, 33.73918399979783], [-118.1497400003803, 33.73809200028763], [-118.14878499960511, 33.74393999968504], [-118.14657699992556, 33.75747800028402], [-118.14650699960534, 33.757907999719926], [-118.14623999964167, 33.75869499989396], [-118.14616900039486, 33.75894500029134], [-118.14606300008965, 33.759293999752266], [-118.14592300034758, 33.759757000274426], [-118.14590699955573, 33.759809000268824], [-118.1457550001181, 33.76032299992372], [-118.14586700027108, 33.76066999974097], [-118.14515000004558, 33.76085800026908], [-118.1451070003879, 33.760869000287244], [-118.1448139995866, 33.76094200037181], [-118.14426899978857, 33.76108600035633], [-118.14372399999053, 33.761230000098934], [-118.14347100027054, 33.76129799989328], [-118.1431859998652, 33.761374000346436], [-118.14264100006716, 33.76151800035202], [-118.14155999979359, 33.761806999628064], [-118.14155800014376, 33.76235500021552], [-118.14155200029597, 33.76344899989789], [-118.14154600044822, 33.76445099981956], [-118.14154999974785, 33.766258999907976], [-118.14263100002142, 33.766254000214346], [-118.14372099961747, 33.76624899977364], [-118.14481000028695, 33.766250999651255], [-118.14589300021035, 33.76625300027557], [-118.14697399958558, 33.76625999984668], [-118.14806400008, 33.766261999723994], [-118.14914500035353, 33.766264000348116], [-118.15022800027693, 33.766258999907976], [-118.15131700004808, 33.766260999785366], [-118.1513880001932, 33.766254000214346], [-118.1516280003927, 33.7662550001531], [-118.1524080003674, 33.76625600009185], [-118.15344600008493, 33.76625700003054], [-118.15348899974263, 33.766264000348116], [-118.15458099988685, 33.766266000225336], [-118.15458000006196, 33.76603499990526], [-118.15457400021417, 33.76502600016212], [-118.15457500003906, 33.76458400034308], [-118.15526799997511, 33.764727000226515], [-118.1554439997022, 33.76412399964818], [-118.15560299971087, 33.76359600006065], [-118.15577000011544, 33.76304200008262], [-118.15595900026132, 33.762415999979694], [-118.15616000010277, 33.76175000014261], [-118.15653099982354, 33.76142500011159], [-118.15688400000096, 33.76036200022505], [-118.15695400032115, 33.76010100011088], [-118.15751800038578, 33.757987000297064], [-118.1587810002342, 33.75346300023194], [-118.15926199955982, 33.75174100023628], [-118.16071399955416, 33.74638699992436], [-118.16074200004157, 33.74628099971169], [-118.16176600041372, 33.7425120001081], [-118.16179099962974, 33.74243600011497], [-118.16250799985524, 33.740116999855694], [-118.16263799955159, 33.739649999850144]]]}, "properties": {"GEOID": "06037577200", "renters": 1506, "pop": 4012, "renter_occ": 1562, "households": 1743, "pct_burden": 49.3, "pct_severe": 38.8, "pct_senior_burden": 67.5, "pct_low_income_burden": 100, "pct_white": null, "pct_black": null, "pct_asian": null, "pct_latino": null}}, {"type": "Feature", "geometry": {"type": "Polygon", "coordinates": [[[-118.14878499960511, 33.74393999968504], [-118.1497400003803, 33.73809200028763], [-118.14531499990201, 33.73772000016991], [-118.14414400011512, 33.73591600000702], [-118.14329800001818, 33.73423700027793], [-118.14230899980613, 33.733593000014416], [-118.14187100013821, 33.73447599985122], [-118.14046099997668, 33.73731400025675], [-118.13980900004853, 33.738701999776666], [-118.13883599972999, 33.74077500001963], [-118.13349800010599, 33.7521479999324], [-118.13329200024167, 33.75258900029431], [-118.13314400010366, 33.752511000070236], [-118.13267999959814, 33.753041000157495], [-118.13234099966444, 33.7535079996979], [-118.13231100042552, 33.75355099971318], [-118.1318800004303, 33.75426599989895], [-118.13218500002884, 33.755078000136656], [-118.13206700002804, 33.755268999686066], [-118.13180199971418, 33.755647000245894], [-118.13134700032784, 33.75638199971679], [-118.13012499958899, 33.75824700009427], [-118.13018099966547, 33.758265999956606], [-118.13078900011101, 33.75853099979885], [-118.13141199972684, 33.75879600031554], [-118.13203500024099, 33.75906100001306], [-118.13264899963602, 33.759325999638136], [-118.13327399980001, 33.75959099993767], [-118.13389700031415, 33.759855000151376], [-118.1345190001051, 33.76012000030913], [-118.13519799979744, 33.76041199983859], [-118.13590800035023, 33.76071599990831], [-118.1366099996088, 33.76101399964747], [-118.13729699969703, 33.761305999865534], [-118.13796700006688, 33.76159699984262], [-118.13865300033021, 33.76188800032534], [-118.13933100019763, 33.76217899982002], [-118.13938700027414, 33.76238199978595], [-118.13950500027491, 33.76235100027846], [-118.13964199964397, 33.76231400010476], [-118.14046799964937, 33.76208900025895], [-118.14155999979359, 33.761806999628064], [-118.14264100006716, 33.76151800035202], [-118.1431859998652, 33.761374000346436], [-118.14347100027054, 33.76129799989328], [-118.14372399999053, 33.761230000098934], [-118.14426899978857, 33.76108600035633], [-118.1448139995866, 33.76094200037181], [-118.1451070003879, 33.760869000287244], [-118.14515000004558, 33.76085800026908], [-118.14586700027108, 33.76066999974097], [-118.1457550001181, 33.76032299992372], [-118.14590699955573, 33.759809000268824], [-118.14592300034758, 33.759757000274426], [-118.14606300008965, 33.759293999752266], [-118.14616900039486, 33.75894500029134], [-118.14623999964167, 33.75869499989396], [-118.14650699960534, 33.757907999719926], [-118.14657699992556, 33.75747800028402], [-118.14878499960511, 33.74393999968504]]]}, "properties": {"GEOID": "06037577300", "renters": 1614, "pop": 4678, "renter_occ": 1712, "households": 1888, "pct_burden": 63.6, "pct_severe": 30.9, "pct_senior_burden": 47.7, "pct_low_income_burden": 100, "pct_white": null, "pct_black": null, "pct_asian": null, "pct_latino": null}}, {"type": "Feature", "geometry": {"type": "Polygon", "coordinates": [[[-118.14155800014376, 33.76235500021552], [-118.14155999979359, 33.761806999628064], [-118.14046799964937, 33.76208900025895], [-118.13964199964397, 33.76231400010476], [-118.13950500027491, 33.76235100027846], [-118.13938700027414, 33.76238199978595], [-118.13933100019763, 33.76217899982002], [-118.13865300033021, 33.76188800032534], [-118.13796700006688, 33.76159699984262], [-118.13729699969703, 33.761305999865534], [-118.1366099996088, 33.76101399964747], [-118.13590800035023, 33.76071599990831], [-118.13519799979744, 33.76041199983859], [-118.1345190001051, 33.76012000030913], [-118.13389700031415, 33.759855000151376], [-118.13327399980001, 33.75959099993767], [-118.13264899963602, 33.759325999638136], [-118.13203500024099, 33.75906100001306], [-118.13141199972684, 33.75879600031554], [-118.13078900011101, 33.75853099979885], [-118.13018099966547, 33.758265999956606], [-118.13012499958899, 33.75824700009427], [-118.13002300038004, 33.75822700019532], [-118.12932899972077, 33.759155999874174], [-118.12899900000788, 33.75961200028145], [-118.12862200043932, 33.75990800009908], [-118.12865400022638, 33.7599979997098], [-118.12877700025003, 33.76079000012565], [-118.1288040000142, 33.76090100033197], [-118.12889100005285, 33.76120400016331], [-118.12898099956622, 33.76147699984092], [-118.12904099984067, 33.76160799976588], [-118.12914600032097, 33.76181600029018], [-118.12930299978147, 33.76209700015738], [-118.12943300037617, 33.762295999630986], [-118.12955899987452, 33.762463999922765], [-118.12973600032485, 33.76267099988276], [-118.1299229999226, 33.762872000220604], [-118.13012399976407, 33.76306400030371], [-118.13026500022936, 33.76318700024762], [-118.13033899984922, 33.76324600021875], [-118.13051600029954, 33.763380000344185], [-118.13072600036182, 33.76352399996672], [-118.13091799998244, 33.76364300012045], [-118.13111600034917, 33.763754000366], [-118.13140599987908, 33.763903999904194], [-118.1316760002158, 33.7640270001362], [-118.13210999968577, 33.764232000130534], [-118.13255199955164, 33.764436999634505], [-118.13285899969831, 33.764436999634505], [-118.13286299989626, 33.766250999651255], [-118.13394400016982, 33.76625300027557], [-118.13503499959081, 33.76624799983485], [-118.1361240002603, 33.76624999971244], [-118.13720700018366, 33.766252000336834], [-118.138286999734, 33.766254000214346], [-118.13883099970712, 33.766254000214346], [-118.1393780000533, 33.7662550001531], [-118.14045900032687, 33.76625700003054], [-118.14154999974785, 33.766258999907976], [-118.14154600044822, 33.76445099981956], [-118.14155200029597, 33.76344899989789], [-118.14155800014376, 33.76235500021552]]]}, "properties": {"GEOID": "06037577400", "renters": 1084, "pop": 4004, "renter_occ": 1099, "households": 1253, "pct_burden": 62.5, "pct_severe": 34.2, "pct_senior_burden": 100.0, "pct_low_income_burden": 100, "pct_white": null, "pct_black": null, "pct_asian": null, "pct_latino": null}}, {"type": "Feature", "geometry": {"type": "Polygon", "coordinates": [[[-118.1818669996552, 33.76983199986399], [-118.18189599996752, 33.76973899968446], [-118.18028400013962, 33.7695330002684], [-118.1785009997092, 33.76930600015342], [-118.17670800013136, 33.76906599991404], [-118.17660900039714, 33.76960000029595], [-118.17650899993971, 33.77014100033777], [-118.17640600000755, 33.770674999994114], [-118.17638199971809, 33.770806999933114], [-118.17633300021262, 33.771064000022996], [-118.17633999988533, 33.77171000017172], [-118.17632900001468, 33.77299000023042], [-118.17632700036482, 33.774123999907125], [-118.17633499986243, 33.77487700005206], [-118.17634099971022, 33.77533800035209], [-118.17790400003263, 33.77534000001753], [-118.17796799960674, 33.77534000001753], [-118.18016299976581, 33.775343000262346], [-118.1806769996017, 33.775343000262346], [-118.18067800032493, 33.7746710002952], [-118.18067900014984, 33.77413600030941], [-118.18067999997476, 33.773748999743155], [-118.18067900014984, 33.77368000026895], [-118.1807040002642, 33.77359799966361], [-118.18073000020347, 33.773517000327196], [-118.18074799974683, 33.77345700010563], [-118.18081999971685, 33.77322999993263], [-118.18089099986194, 33.773002000044826], [-118.18090199973261, 33.7729619996613], [-118.1809150001514, 33.772922999866786], [-118.18112500021368, 33.77225100033209], [-118.18129199971996, 33.77171700004378], [-118.1814990003075, 33.77104400012797], [-118.18156999955428, 33.770806999933114], [-118.1816619996158, 33.77050399970287], [-118.1818669996552, 33.76983199986399]]]}, "properties": {"GEOID": "06037576501", "renters": 904, "pop": 4067, "renter_occ": 924, "households": 1285, "pct_burden": 60.5, "pct_severe": 38.9, "pct_senior_burden": 81.1, "pct_low_income_burden": 100, "pct_white": null, "pct_black": null, "pct_asian": null, "pct_latino": null}}, {"type": "Feature", "geometry": {"type": "Polygon", "coordinates": [[[-118.20549799977256, 33.87411600014017], [-118.20549799977256, 33.873617999754885], [-118.2054929997497, 33.87324999985572], [-118.20549199992477, 33.873223999640736], [-118.20549100009987, 33.87308199999037], [-118.20549000027498, 33.87297099983134], [-118.20523300035701, 33.8729139997944], [-118.204640999805, 33.87279100017374], [-118.20417600037291, 33.87269999964295], [-118.2035279997444, 33.872608999761], [-118.2029029995804, 33.87256800025784], [-118.20270000008915, 33.87257399989533], [-118.20243899997323, 33.87258099972046], [-118.2022330001089, 33.87258899973298], [-118.20187900010659, 33.87261399995374], [-118.20115799968313, 33.87267500019319], [-118.20111300037561, 33.872679999636205], [-118.200689999878, 33.8727399996423], [-118.20052099982357, 33.87276799963073], [-118.2002899998449, 33.87280000035208], [-118.20018199988986, 33.872817999960105], [-118.19982799988755, 33.87287799986918], [-118.19944700012104, 33.872957000244526], [-118.19906899982925, 33.87304600013608], [-118.19862100011561, 33.87316900013512], [-118.19825500041769, 33.87328500019009], [-118.19805000037829, 33.87335600024878], [-118.19790600043824, 33.87340699966628], [-118.19745899965119, 33.87358700026236], [-118.19693200029481, 33.87380699997812], [-118.19589000037931, 33.87429099989262], [-118.1950529996049, 33.874639000230616], [-118.19400200036688, 33.87509300036881], [-118.19402699958293, 33.87523900028441], [-118.1940940004284, 33.87562599972593], [-118.19410500029905, 33.87568700005014], [-118.19415200015473, 33.87595500000438], [-118.1937429999008, 33.87605600003042], [-118.1935029997013, 33.87611599990065], [-118.1934740002873, 33.876130999861594], [-118.19330299968475, 33.876216000336484], [-118.19319200025498, 33.876245000075514], [-118.19294200000972, 33.87631099993344], [-118.19292100009335, 33.8763159999093], [-118.19269799961224, 33.876324999715926], [-118.1920120002472, 33.87635599970563], [-118.19166499991758, 33.87634099978418], [-118.1914110003727, 33.876312000077775], [-118.19109900020317, 33.876277999637935], [-118.19085900000363, 33.87634900019011], [-118.19060999958329, 33.876414999967594], [-118.19025599958096, 33.87649299991007], [-118.1902289998168, 33.876499000017425], [-118.19004200021904, 33.87653300036927], [-118.18984499967723, 33.876570999781265], [-118.18973199969933, 33.8765869998034], [-118.18952099981213, 33.876622999655766], [-118.18929599968122, 33.87665400028299], [-118.18928900000854, 33.87668000019896], [-118.18928200033585, 33.876708999780256], [-118.18925300002351, 33.87683699966634], [-118.18920000032008, 33.87708299974745], [-118.18914699971832, 33.877110999802674], [-118.18914099987053, 33.87715099997214], [-118.18911499993129, 33.87735400018915], [-118.18911199955824, 33.87737899975997], [-118.18909400001486, 33.877521999849215], [-118.18908099959607, 33.87763300005577], [-118.18903499956534, 33.877659999802], [-118.1885409998209, 33.88038099969162], [-118.18844200008671, 33.88065599972884], [-118.18846200017819, 33.88083800013387], [-118.18836799956856, 33.881324999955936], [-118.18834300035252, 33.881452999630135], [-118.18879400043923, 33.88145100020767], [-118.18910599971042, 33.88144900003943], [-118.18931800032085, 33.88144200019587], [-118.19006300013544, 33.88144599978694], [-118.19141200019762, 33.88144000002737], [-118.19148499999254, 33.88144000002737], [-118.19179799998696, 33.88143899994313], [-118.19183899999486, 33.88143899994313], [-118.19238700016595, 33.881436999774564], [-118.19308299957673, 33.88144100011166], [-118.19334399969262, 33.88144200019587], [-118.19360599963346, 33.88144200019587], [-118.19454899981474, 33.881435000351786], [-118.19490199999215, 33.8814310000144], [-118.19642099993364, 33.88141500015477], [-118.19724600011416, 33.88140600013911], [-118.19775199955413, 33.881402999885104], [-118.19832200036485, 33.881400999715744], [-118.19944700012104, 33.88139900029207], [-118.2005569998086, 33.88139600003782], [-118.2005569998086, 33.881319000187915], [-118.20058799977073, 33.88123200014796], [-118.2005719998772, 33.88090199998732], [-118.20056500020452, 33.880526000160714], [-118.20057400042533, 33.880137000367505], [-118.20056000018162, 33.87932600007309], [-118.20055299961062, 33.87851500027455], [-118.20055400033385, 33.877697000075706], [-118.20054699976284, 33.876852999638594], [-118.20054900031096, 33.87599600011801], [-118.20054199973997, 33.875150999854355], [-118.20053800044033, 33.874676000322424], [-118.20053500006728, 33.874280999703316], [-118.20274199992194, 33.87427600035408], [-118.20472700001874, 33.87427400001761], [-118.20510699996032, 33.87428199987146], [-118.20541300028205, 33.8742880001343], [-118.20549799977256, 33.874286999966195], [-118.20549799977256, 33.87411600014017]]]}, "properties": {"GEOID": "06037570404", "renters": 1242, "pop": 7372, "renter_occ": 1242, "households": 2533, "pct_burden": 52.5, "pct_severe": 27.6, "pct_senior_burden": 96.0, "pct_low_income_burden": 100, "pct_white": null, "pct_black": null, "pct_asian": null, "pct_latino": null}}, {"type": "Feature", "geometry": {"type": "Polygon", "coordinates": [[[-118.17630899992317, 33.83580900028288], [-118.17630100042557, 33.83409400010453], [-118.17629700022762, 33.83335500012281], [-118.17629899987743, 33.832431999676515], [-118.17416499981772, 33.83242899994019], [-118.1719520001153, 33.832433000334845], [-118.16869699959904, 33.83242800002803], [-118.16761399967567, 33.83242700011591], [-118.16445000029434, 33.83241700024747], [-118.16430600035429, 33.83241700024747], [-118.16430600035429, 33.83297600012448], [-118.16430600035429, 33.83339699969828], [-118.16430700017919, 33.83391000025612], [-118.16430800000411, 33.83554699968271], [-118.16431200020206, 33.83856500020082], [-118.16431300002698, 33.8393990002804], [-118.16431300002698, 33.8395800000191], [-118.16431300002698, 33.839679000142674], [-118.16431300002698, 33.83984200019434], [-118.1643139998519, 33.840177999818735], [-118.16431499967682, 33.84058199986526], [-118.16431499967682, 33.84146499988889], [-118.16431600040004, 33.84212599995303], [-118.16431700022495, 33.84295800002342], [-118.16431700022495, 33.843267999696344], [-118.16431700022495, 33.84366500009964], [-118.16431800004985, 33.84411699975285], [-118.16431800004985, 33.84427000031854], [-118.16431800004985, 33.84437200029484], [-118.16431899987477, 33.84498799964065], [-118.16431899987477, 33.84533900006979], [-118.16431899987477, 33.845646000038876], [-118.16431999969969, 33.84625899990172], [-118.16432200024782, 33.847056000135474], [-118.16455900007429, 33.84705399990741], [-118.16539099992751, 33.84701800026971], [-118.16615300035882, 33.84697999964103], [-118.16682299983034, 33.84694600020286], [-118.16702899969465, 33.84694000025676], [-118.16755900032237, 33.84694000025676], [-118.16758600008659, 33.84694300022987], [-118.16757199984288, 33.846217999683034], [-118.16891699970708, 33.8454940002042], [-118.16970000005479, 33.84506599994351], [-118.17051500018958, 33.844624999790824], [-118.17133100014928, 33.84418400034639], [-118.17220099963731, 33.84371099969822], [-118.17299900005366, 33.843283000205545], [-118.1738059997925, 33.842848999827865], [-118.17469299989732, 33.84236899993402], [-118.17629899987743, 33.84149999982181], [-118.17630100042557, 33.83990399979362], [-118.17629499967946, 33.8390269998118], [-118.17630899992317, 33.83580900028288]]]}, "properties": {"GEOID": "06037571504", "renters": 411, "pop": 5290, "renter_occ": 487, "households": 1396, "pct_burden": 45.5, "pct_severe": 24.3, "pct_senior_burden": 37.3, "pct_low_income_burden": 100, "pct_white": null, "pct_black": null, "pct_asian": null, "pct_latino": null}}, {"type": "Feature", "geometry": {"type": "Polygon", "coordinates": [[[-118.20550000032071, 33.78264399979711], [-118.20551100019135, 33.7769999997079], [-118.20539200036568, 33.77692900023707], [-118.20463999998007, 33.77648399963669], [-118.20443999996354, 33.7763659999623], [-118.20435999959761, 33.77631500012859], [-118.2040080001434, 33.77608800006145], [-118.20374100017972, 33.77591600029418], [-118.20357700014821, 33.775827999880306], [-118.20314500032808, 33.775596999950544], [-118.20312500023657, 33.77558600032948], [-118.20233100001818, 33.77530099981216], [-118.20177899964916, 33.77533500010705], [-118.20121799995759, 33.7753340002743], [-118.20059500034174, 33.7753340002743], [-118.19997799967537, 33.775332999694776], [-118.19936199973222, 33.775331999861955], [-118.19936199973222, 33.77586699984576], [-118.1993609999073, 33.776546000362345], [-118.19936000008238, 33.77707999967218], [-118.19935900025749, 33.77775299996034], [-118.19935800043258, 33.77829400004074], [-118.19935699970935, 33.778966999750885], [-118.19935500005953, 33.78017400032827], [-118.19936000008238, 33.78194099972793], [-118.19936799958, 33.78259399971622], [-118.20064800004518, 33.78261600014365], [-118.20081200007672, 33.78261900013361], [-118.2009869999789, 33.782622000123474], [-118.20315000035092, 33.78262400036557], [-118.20411299972541, 33.782625000113285], [-118.20466300044463, 33.78263100009248], [-118.20538099959668, 33.78264200030211], [-118.20550000032071, 33.78264399979711]]]}, "properties": {"GEOID": "06037575801", "renters": 302, "pop": 2510, "renter_occ": 309, "households": 875, "pct_burden": 77.8, "pct_severe": 55.3, "pct_senior_burden": 81.4, "pct_low_income_burden": 23.9, "pct_white": null, "pct_black": null, "pct_asian": null, "pct_latino": null}}, {"type": "Feature", "geometry": {"type": "Polygon", "coordinates": [[[-118.16872599991136, 33.88163399974473], [-118.16871800041375, 33.88058599987124], [-118.16870300034515, 33.87827800019312], [-118.16869999997209, 33.87646099982755], [-118.16869999997209, 33.87621500019095], [-118.16869999997209, 33.876159000229215], [-118.16869999997209, 33.87610999976637], [-118.16869900014717, 33.876062000168496], [-118.16869699959904, 33.875928999867604], [-118.16869400012432, 33.8757149998176], [-118.1686919995762, 33.87563199989424], [-118.16867800023077, 33.87464999979595], [-118.16762700009446, 33.87465600003292], [-118.16660799974517, 33.87465399970536], [-118.16563399960174, 33.874658999778305], [-118.1643289999205, 33.874665000014595], [-118.15998100033345, 33.87468400013858], [-118.15889900023498, 33.87468900020976], [-118.1578380000529, 33.8746949996981], [-118.15779799986996, 33.8746949996981], [-118.15677900041898, 33.87469900035126], [-118.15671599977148, 33.87469900035126], [-118.15564000041911, 33.8747049998389], [-118.1536550003223, 33.8747080003284], [-118.15350600035937, 33.8747080003284], [-118.15242199971277, 33.87471299965234], [-118.1514590003383, 33.87471700030459], [-118.1513389997894, 33.87468099964823], [-118.1512619997965, 33.874658999778305], [-118.1512629996214, 33.87473100034861], [-118.15126799964429, 33.874792999983036], [-118.15127000019243, 33.87499499968256], [-118.15127600004018, 33.87543500023821], [-118.15130000032966, 33.8759910001234], [-118.15131100020032, 33.87617300003664], [-118.15129399958356, 33.87646499965209], [-118.15129500030676, 33.87653300036927], [-118.15129699995661, 33.87665400028299], [-118.15130199997948, 33.876708999780256], [-118.15128799973577, 33.87693900027719], [-118.15129100010881, 33.87715499976435], [-118.15129100010881, 33.87748500024544], [-118.15130199997948, 33.877622000129094], [-118.15130399962929, 33.87783200011175], [-118.15129500030676, 33.87835700004481], [-118.1512960001317, 33.87863600036127], [-118.1512979997815, 33.87891399965165], [-118.1512960001317, 33.87905100022434], [-118.15129399958356, 33.8797170000434], [-118.15129399958356, 33.8798069997009], [-118.15129299975864, 33.88009499990608], [-118.15129399958356, 33.880174000312955], [-118.15129199993373, 33.8802800003097], [-118.15129899960642, 33.8804860000816], [-118.1513029998044, 33.880842999844496], [-118.15130700000232, 33.88110500023046], [-118.15131100020032, 33.88141400007018], [-118.15131500039827, 33.8819870003593], [-118.15161599979882, 33.881997999723296], [-118.15208899962686, 33.88199600031368], [-118.15336099969613, 33.881989999847036], [-118.15435699958086, 33.88198500020363], [-118.15471499978115, 33.881984000125726], [-118.15568100042698, 33.88197899973622], [-118.15601899963745, 33.881977000326096], [-118.15733199971463, 33.88197099985813], [-118.15783999970274, 33.881968999702046], [-118.15803600041963, 33.88196800036978], [-118.15828599976656, 33.88196700029173], [-118.15884399998339, 33.88196400005745], [-118.16002200034134, 33.88195899966673], [-118.16051699991067, 33.88195999974487], [-118.16097100037042, 33.88195999974487], [-118.16141400006119, 33.88195800033429], [-118.16189500028514, 33.8819550000997], [-118.16234100034896, 33.88195299994328], [-118.16280499995615, 33.88194999970852], [-118.16369899973364, 33.881943999984436], [-118.16428700008771, 33.88193999967092], [-118.16436900010348, 33.88193999967092], [-118.16475999991574, 33.88195299994328], [-118.16551499977606, 33.88197199993615], [-118.1656510002185, 33.88195600017795], [-118.16593300025077, 33.881946000141056], [-118.16662799983665, 33.88198099989209], [-118.16863999969763, 33.881973000014185], [-118.1687019996219, 33.881961999901186], [-118.16872599991136, 33.88163399974473]]]}, "properties": {"GEOID": "06037570203", "renters": 792, "pop": 4052, "renter_occ": 801, "households": 1280, "pct_burden": 66.3, "pct_severe": 18.3, "pct_senior_burden": 100.0, "pct_low_income_burden": 87.8, "pct_white": null, "pct_black": null, "pct_asian": null, "pct_latino": null}}, {"type": "Feature", "geometry": {"type": "Polygon", "coordinates": [[[-118.15998100033345, 33.87468400013858], [-118.15997499958735, 33.87377499963433], [-118.15996899973958, 33.87333199967882], [-118.1599620000669, 33.87248800007919], [-118.1599639997167, 33.871703000128385], [-118.159957000044, 33.87093200033794], [-118.15995100019624, 33.87014700024863], [-118.15994399962521, 33.86924300029808], [-118.15994100015048, 33.8687150002878], [-118.15782399980921, 33.86861799997174], [-118.15781999961125, 33.86833699999514], [-118.15559100001529, 33.868345999897215], [-118.15559000019037, 33.86862999980152], [-118.15472700037505, 33.86862900031306], [-118.15389100032385, 33.86863500022736], [-118.153044000402, 33.868638999672754], [-118.15221400019863, 33.86864500033225], [-118.15124199970502, 33.868644000098065], [-118.15124199970502, 33.86880800031039], [-118.15124000005518, 33.86891599996893], [-118.15123900023029, 33.86896999974699], [-118.1512259998115, 33.86957300004464], [-118.15123199965926, 33.87033899985042], [-118.15124699972789, 33.871101000165325], [-118.15125599994872, 33.8717809999021], [-118.1512690003675, 33.872446999772045], [-118.15126699981937, 33.872922999959776], [-118.15127299966716, 33.87425999989867], [-118.15126799964429, 33.87445999978175], [-118.1512619997965, 33.874658999778305], [-118.1513389997894, 33.87468099964823], [-118.1514590003383, 33.87471700030459], [-118.15242199971277, 33.87471299965234], [-118.15350600035937, 33.8747080003284], [-118.1536550003223, 33.8747080003284], [-118.15564000041911, 33.8747049998389], [-118.15671599977148, 33.87469900035126], [-118.15677900041898, 33.87469900035126], [-118.15779799986996, 33.8746949996981], [-118.1578380000529, 33.8746949996981], [-118.15889900023498, 33.87468900020976], [-118.15998100033345, 33.87468400013858]]]}, "properties": {"GEOID": "06037570204", "renters": 1088, "pop": 4881, "renter_occ": 1146, "households": 1559, "pct_burden": 53.7, "pct_severe": 27.9, "pct_senior_burden": 85.7, "pct_low_income_burden": 100, "pct_white": null, "pct_black": null, "pct_asian": null, "pct_latino": null}}, {"type": "Feature", "geometry": {"type": "Polygon", "coordinates": [[[-118.19846999960453, 33.85998999982846], [-118.19833599971022, 33.85954199973676], [-118.19832400001467, 33.85950099992572], [-118.19773800020876, 33.85753300001875], [-118.19735300024428, 33.8575350000015], [-118.19539099971372, 33.857548999879405], [-118.19340700034013, 33.85756099977293], [-118.19290900039778, 33.85756699971907], [-118.1898349996315, 33.85757600001048], [-118.18838699983513, 33.85758100033773], [-118.18596099969737, 33.85759100024536], [-118.18596800026837, 33.85809899998095], [-118.18496399998772, 33.85809800036916], [-118.1849690000106, 33.86006299967898], [-118.18497999988122, 33.86188399976903], [-118.18599300038274, 33.86187800012624], [-118.18599300038274, 33.861719999682855], [-118.18841899962219, 33.86171000025874], [-118.18986700031687, 33.861698000202274], [-118.19146300025122, 33.86169399968574], [-118.19173299968966, 33.861805999903765], [-118.19224599970065, 33.86211000018129], [-118.19241099955708, 33.862201999629896], [-118.19258499963435, 33.86227499982722], [-118.19388099999306, 33.86279800011067], [-118.19446500014915, 33.86304199977308], [-118.19572200014981, 33.863648999849076], [-118.19607500032724, 33.86381999975748], [-118.19702299963308, 33.86232200015629], [-118.1974519999785, 33.86159099993504], [-118.19756699960622, 33.86141499993586], [-118.19807799996738, 33.86062900002998], [-118.19846999960453, 33.85998999982846]]]}, "properties": {"GEOID": "06037570303", "renters": 1015, "pop": 4896, "renter_occ": 1088, "households": 1582, "pct_burden": 68.5, "pct_severe": 29.9, "pct_senior_burden": 91.4, "pct_low_income_burden": 91.2, "pct_white": null, "pct_black": null, "pct_asian": null, "pct_latino": null}}, {"type": "Feature", "geometry": {"type": "Polygon", "coordinates": [[[-118.12345399979631, 33.787150999631535], [-118.12343000040518, 33.78711599985212], [-118.12340699994066, 33.787088999863215], [-118.12332999994776, 33.78697300000744], [-118.12316799956604, 33.786708000024184], [-118.12306800000694, 33.78652800007496], [-118.12294099978533, 33.78628600014421], [-118.12280100004327, 33.78597699967044], [-118.12267600036978, 33.78566300026728], [-118.12256000001882, 33.785311999764154], [-118.12241699990369, 33.78473300004021], [-118.12239299961423, 33.7845810001861], [-118.12237300042108, 33.78445699986945], [-118.12234099973571, 33.7841240000213], [-118.12233200041318, 33.78387399991216], [-118.12234300028383, 33.782819999969036], [-118.12234499993369, 33.7819970002137], [-118.12234499993369, 33.781777999825614], [-118.12234599975858, 33.78141099990405], [-118.12234599975858, 33.78131600007503], [-118.12234699958347, 33.78109000033332], [-118.1223480003067, 33.78051999988221], [-118.12234999995653, 33.77995099989665], [-118.12234999995653, 33.779699999770976], [-118.12235099978145, 33.77945000018782], [-118.12235099978145, 33.779311000127876], [-118.12234699958347, 33.779047999907576], [-118.1223330002381, 33.778891999758784], [-118.1223070002988, 33.7787210001882], [-118.12224200000152, 33.778368999809814], [-118.12219599997076, 33.77817999981796], [-118.12214800029017, 33.778014999875296], [-118.12212599965056, 33.77793999979626], [-118.12202199989348, 33.777649999868395], [-118.12145799982885, 33.776078000327566], [-118.12137099979024, 33.77581000000514], [-118.12130100036835, 33.77553900009987], [-118.1212560001625, 33.77531899979427], [-118.11894200017775, 33.77531899979427], [-118.11527099973488, 33.775316000295334], [-118.1133140001255, 33.775310999636744], [-118.11304899981161, 33.775296999732646], [-118.11275400025885, 33.77526700025044], [-118.11246200018077, 33.77521900001165], [-118.11220699991267, 33.77516400015613], [-118.11198599997972, 33.77510400034134], [-118.1118010000318, 33.775046000156884], [-118.11173999993244, 33.77502599969791], [-118.11171800019112, 33.77506599986442], [-118.11162899960435, 33.775213000259946], [-118.1115759999009, 33.77529500006615], [-118.11154400011387, 33.77535399991461], [-118.11149399988516, 33.775511000363906], [-118.11147999964145, 33.77559299988484], [-118.1114839998394, 33.77578599966791], [-118.11148100036465, 33.776058000109536], [-118.11149100041041, 33.77631900016057], [-118.11148100036465, 33.776671999819975], [-118.1114839998394, 33.777323000038855], [-118.1114770001667, 33.77910499983367], [-118.11148100036465, 33.77930599970256], [-118.11147600034178, 33.77959900009296], [-118.11148100036465, 33.780248000169124], [-118.11150800012884, 33.78050200024631], [-118.11154800031179, 33.780688000283675], [-118.11162500030471, 33.78083599975989], [-118.1116949997266, 33.78099399963486], [-118.11172300021398, 33.78104200037087], [-118.1117449999553, 33.781081000202434], [-118.11179000016115, 33.78117099997561], [-118.11183100016902, 33.78123300029533], [-118.11187200017692, 33.781313000039425], [-118.11187600037486, 33.78138899991375], [-118.111863999781, 33.781435999920156], [-118.11183899966663, 33.7814839996618], [-118.11180299968163, 33.781510000163934], [-118.11175500000104, 33.781529000095155], [-118.11170300012252, 33.781541999967054], [-118.11167999965798, 33.78154800002211], [-118.11165899974159, 33.78154800002211], [-118.11155800035755, 33.781544999994644], [-118.1115340000681, 33.78154800002211], [-118.10800300026567, 33.78152800033465], [-118.10799900006771, 33.78297899966071], [-118.10800499991548, 33.78382999969795], [-118.1080009997175, 33.78536000031989], [-118.10798099962602, 33.786718000010275], [-118.10797099958029, 33.78787899986334], [-118.10796899993048, 33.788703999932], [-118.10909799988458, 33.788706000031986], [-118.10996700044606, 33.78871399968499], [-118.11083600010919, 33.78871599978474], [-118.11170399994741, 33.78871700020793], [-118.11258100000647, 33.78871900030761], [-118.11348999985259, 33.78872099966071], [-118.11439000037618, 33.7887279996358], [-118.11529800039737, 33.78872999973529], [-118.11619800002265, 33.78873199983467], [-118.11904199973684, 33.78873699970965], [-118.11923900027867, 33.78873699970965], [-118.12010799994178, 33.78873899980892], [-118.12100199971927, 33.78874000023178], [-118.12127200005602, 33.78672599984896], [-118.12142100001893, 33.78637700012438], [-118.12223699997863, 33.78670200033063], [-118.12345399979631, 33.787150999631535]]]}, "properties": {"GEOID": "06037578100", "renters": 1073, "pop": 4878, "renter_occ": 1090, "households": 1617, "pct_burden": 59.1, "pct_severe": 41.9, "pct_senior_burden": 80.4, "pct_low_income_burden": 100, "pct_white": null, "pct_black": null, "pct_asian": null, "pct_latino": null}}, {"type": "Feature", "geometry": {"type": "Polygon", "coordinates": [[[-118.15994100015048, 33.8687150002878], [-118.15994000032558, 33.86861000033295], [-118.15992000023411, 33.86560299973462], [-118.15991500021121, 33.86475699998503], [-118.15991199983816, 33.86425400026003], [-118.15988699972381, 33.861076000063655], [-118.15988400024908, 33.86016900003549], [-118.15771000000639, 33.86017800005266], [-118.1570990000861, 33.86018300022755], [-118.1569910001311, 33.86018399981495], [-118.15698500028331, 33.86010500030046], [-118.15693500005457, 33.86010299963192], [-118.1564150003709, 33.860103999966164], [-118.1555359997637, 33.86010999973365], [-118.153329999734, 33.8601180001689], [-118.15118700035175, 33.86012300034731], [-118.15118800017667, 33.86021000027183], [-118.15118900000158, 33.86030200027559], [-118.15060800021853, 33.86029399985752], [-118.14767099971958, 33.860306000111294], [-118.14756199993963, 33.860306000111294], [-118.14731099986948, 33.860306999697244], [-118.14700600027095, 33.86030900036101], [-118.14676699989636, 33.86030999994688], [-118.146593999644, 33.86030999994688], [-118.14661200008567, 33.86291799979946], [-118.1466149995604, 33.863324999868674], [-118.14661700010853, 33.86363000025252], [-118.14661799993343, 33.86377300025304], [-118.14661899975835, 33.863916000014], [-118.14661999958327, 33.86404100031827], [-118.14662100030648, 33.86410500008699], [-118.1466220001314, 33.86422399989066], [-118.14662100030648, 33.86430199978483], [-118.1466220001314, 33.864388999927016], [-118.1466220001314, 33.86452700022785], [-118.14662299995632, 33.86468300013722], [-118.14662399978121, 33.86480399969374], [-118.14662499960613, 33.86496299992906], [-118.14662600032935, 33.86510299985363], [-118.14662799997919, 33.86521999995541], [-118.14662899980408, 33.86535899993174], [-118.14662899980408, 33.865382999759866], [-118.14662999962898, 33.8654970001566], [-118.14662999962898, 33.86552400001234], [-118.14663100035222, 33.865666999824256], [-118.14663200017714, 33.86580400002973], [-118.14663399982697, 33.86605100010055], [-118.14663399982697, 33.86610099988904], [-118.14663499965188, 33.86619000021579], [-118.14663499965188, 33.86626600002741], [-118.14663600037511, 33.86632799984334], [-118.14663600037511, 33.8664230000032], [-118.14663600037511, 33.86646700025345], [-118.1466370002, 33.86660500017911], [-118.14663899984984, 33.86674799967221], [-118.14663899984984, 33.8668820003621], [-118.14663999967475, 33.8668990002175], [-118.14663999967475, 33.8670209998702], [-118.14664100039798, 33.867064000305405], [-118.14664100039798, 33.867158999646264], [-118.14664200022287, 33.86729800019519], [-118.14664300004779, 33.8674360002694], [-118.14664399987272, 33.86754700016725], [-118.14664399987272, 33.8675750003673], [-118.14664499969764, 33.86771299999374], [-118.14664800007067, 33.86785199964064], [-118.14664700024576, 33.867934999670645], [-118.14665200026863, 33.86832800009208], [-118.14665399991846, 33.86866000011444], [-118.14665499974338, 33.86883700032883], [-118.14665100044371, 33.86893600011171], [-118.14690300033878, 33.868933999650096], [-118.15090500031943, 33.86892099963212], [-118.15124000005518, 33.86891599996893], [-118.15124199970502, 33.86880800031039], [-118.15124199970502, 33.868644000098065], [-118.15221400019863, 33.86864500033225], [-118.153044000402, 33.868638999672754], [-118.15389100032385, 33.86863500022736], [-118.15472700037505, 33.86862900031306], [-118.15559000019037, 33.86862999980152], [-118.15559100001529, 33.868345999897215], [-118.15781999961125, 33.86833699999514], [-118.15782399980921, 33.86861799997174], [-118.15994100015048, 33.8687150002878]]]}, "properties": {"GEOID": "06037570100", "renters": 885, "pop": 3926, "renter_occ": 1001, "households": 1280, "pct_burden": 67.5, "pct_severe": 31.6, "pct_senior_burden": 35.7, "pct_low_income_burden": 100, "pct_white": null, "pct_black": null, "pct_asian": null, "pct_latino": null}}, {"type": "Feature", "geometry": {"type": "Polygon", "coordinates": [[[-118.18757800044644, 33.88279699990406], [-118.18760699986044, 33.88268799984224], [-118.18757500007341, 33.88265900005549], [-118.18747700016411, 33.88256999974835], [-118.18736900020907, 33.8824549997084], [-118.18727899979739, 33.88235100032348], [-118.18719799960654, 33.88223900021307], [-118.18715900014678, 33.882193999814376], [-118.18713499985735, 33.88216399978393], [-118.18700900035896, 33.88200799975409], [-118.1868710002667, 33.881816000301036], [-118.18676099976351, 33.88164299973633], [-118.18666600022726, 33.88147399990208], [-118.1866050001279, 33.88136599972685], [-118.18647399970835, 33.88111200010162], [-118.18635900008061, 33.88085500019286], [-118.1862589996232, 33.880591999690814], [-118.18617499995763, 33.88032500022629], [-118.18612599955381, 33.880137000367505], [-118.1860689996524, 33.87986599981432], [-118.18602799964451, 33.87959299968032], [-118.18600099988032, 33.879290999978814], [-118.18599300038274, 33.87893200020759], [-118.186019000322, 33.878200999766996], [-118.18604899956091, 33.87725699999506], [-118.18605600013191, 33.87702600021926], [-118.18605899960664, 33.87694699988123], [-118.18606399962954, 33.87681599974484], [-118.18606500035276, 33.87672599991606], [-118.18606600017768, 33.876695000060764], [-118.18607299985035, 33.87647099976141], [-118.1860960003149, 33.87574100001956], [-118.18614499982039, 33.874382999639856], [-118.18568700006098, 33.8743889998956], [-118.18550999961066, 33.87439000006246], [-118.18530399974632, 33.87440199982661], [-118.18513300004213, 33.87442100000919], [-118.18473600038207, 33.87450099986774], [-118.1845410003884, 33.87453699985419], [-118.1843089996865, 33.87456299966925], [-118.18411000039319, 33.87457100024185], [-118.1838910001101, 33.87457100024185], [-118.18279999979077, 33.87458299998054], [-118.18209699980899, 33.87458199981594], [-118.18171600004248, 33.874588000057635], [-118.18110900032018, 33.874588000057635], [-118.18014299967432, 33.874585999728545], [-118.17922600033062, 33.87459800021098], [-118.1783020004159, 33.874603999705705], [-118.17736799955712, 33.8746030002872], [-118.17619799959508, 33.87461399985716], [-118.17514700035709, 33.87461299969292], [-118.17409500039585, 33.87461799976821], [-118.17302699964277, 33.87462299984326], [-118.17193700004667, 33.874629000082145], [-118.17085300029838, 33.874639999648764], [-118.1697710001999, 33.87464599988639], [-118.16867800023077, 33.87464999979595], [-118.1686919995762, 33.87563199989424], [-118.16869400012432, 33.8757149998176], [-118.16869699959904, 33.875928999867604], [-118.16869900014717, 33.876062000168496], [-118.16869999997209, 33.87610999976637], [-118.16869999997209, 33.876159000229215], [-118.16869999997209, 33.87621500019095], [-118.16869999997209, 33.87646099982755], [-118.16870300034515, 33.87827800019312], [-118.16871800041375, 33.88058599987124], [-118.16872599991136, 33.88163399974473], [-118.1687019996219, 33.881961999901186], [-118.16870099979701, 33.88200400018936], [-118.16882200017083, 33.88200099995638], [-118.16888800029308, 33.881999999878715], [-118.16912799959425, 33.88199899980104], [-118.16924800014318, 33.881997999723296], [-118.16960499962026, 33.88199600031368], [-118.17010400028582, 33.88199300008041], [-118.1705939998323, 33.88199099992482], [-118.17109199977469, 33.88198799969139], [-118.17158100039454, 33.88198500020363], [-118.17207599996384, 33.88198199996999], [-118.17254399976898, 33.88197999981414], [-118.17301499994718, 33.881977000326096], [-118.17306500017591, 33.881977000326096], [-118.1741489999242, 33.88197099985813], [-118.17455200033034, 33.88196800036978], [-118.17644299981747, 33.88195800033429], [-118.1773170004018, 33.881951999864995], [-118.17742700000665, 33.881951999864995], [-118.17742700000665, 33.88200899983166], [-118.17742600018175, 33.882129000108016], [-118.17742500035683, 33.882715000226284], [-118.17742500035683, 33.88276800015436], [-118.17742600018175, 33.88298700000038], [-118.17742799983154, 33.883370999916124], [-118.1774300003797, 33.883670999976054], [-118.17743100020462, 33.88380400014246], [-118.17743399967935, 33.88425399979029], [-118.17743700005241, 33.88457399993529], [-118.17743500040257, 33.88532100009342], [-118.17743500040257, 33.88535900006636], [-118.17812699961539, 33.885355999951365], [-118.17866899993868, 33.88535299983624], [-118.18077299986118, 33.88534400023605], [-118.1814919997365, 33.88534100012052], [-118.18185499995963, 33.88533900004349], [-118.18185499995963, 33.88545700003631], [-118.18209900035711, 33.88545800007352], [-118.18217700017492, 33.88545800007352], [-118.18258600042884, 33.88545900011064], [-118.18269600003369, 33.88545900011064], [-118.18277300002659, 33.88545900011064], [-118.18324000000683, 33.88545599999917], [-118.18347600000837, 33.885453999924756], [-118.18371299983484, 33.88545299988757], [-118.18376100041371, 33.88545299988757], [-118.18474999972747, 33.88544799970133], [-118.18577800029757, 33.885442000223236], [-118.18577800029757, 33.88547900010545], [-118.18577400009963, 33.88553099977162], [-118.18585699994028, 33.88552899969904], [-118.18589100027548, 33.88552899969904], [-118.18611200020841, 33.88552899969904], [-118.18637300032432, 33.88552899969904], [-118.18666500040237, 33.88552999973534], [-118.18666899970204, 33.88551599997156], [-118.18668799996858, 33.885443000260615], [-118.1871800000632, 33.885443000260615], [-118.1871959999567, 33.885443000260615], [-118.18720199980449, 33.885406000362785], [-118.18746200009548, 33.88375799976631], [-118.18752200036997, 33.88302300013584], [-118.18752700039283, 33.8829780001506], [-118.18757800044644, 33.88279699990406]]]}, "properties": {"GEOID": "06037570202", "renters": 803, "pop": 4557, "renter_occ": 842, "households": 1302, "pct_burden": 52.5, "pct_severe": 22.9, "pct_senior_burden": 66.8, "pct_low_income_burden": 100, "pct_white": null, "pct_black": null, "pct_asian": null, "pct_latino": null}}, {"type": "Feature", "geometry": {"type": "Polygon", "coordinates": [[[-118.13066000023957, 33.755235999712234], [-118.13008000028142, 33.75446499962742], [-118.12857899988332, 33.752466000081014], [-118.12801900001665, 33.752252000157746], [-118.12736299989055, 33.752001000303544], [-118.12674100009961, 33.75176300037019], [-118.12667900017534, 33.75174000012819], [-118.12612000013358, 33.75152699999732], [-118.12589800037573, 33.75144200026728], [-118.12550699966518, 33.75129199983514], [-118.12487599965341, 33.751050999826255], [-118.12424800001469, 33.75080999988693], [-118.12363999956916, 33.75057800036534], [-118.12302500034923, 33.750342999843056], [-118.12254499995022, 33.75015899991577], [-118.12218099990214, 33.75002100027142], [-118.12169399983043, 33.74991600019838], [-118.12112300009312, 33.749792999885315], [-118.12026500030063, 33.74960900027171], [-118.11954399987718, 33.74945399969411], [-118.11882500000188, 33.7493009998563], [-118.11810100010369, 33.74918500037344], [-118.1174399999547, 33.749080000023675], [-118.11625800029711, 33.750020000143266], [-118.11654799982702, 33.750020000143266], [-118.11638100032074, 33.750139999750616], [-118.11236300044659, 33.7530609997725], [-118.11664300026158, 33.75666999982749], [-118.11980199962002, 33.759595000003536], [-118.1207980004031, 33.76051699975361], [-118.12247700017814, 33.75954399989639], [-118.12268100039265, 33.75969900015728], [-118.12286700016548, 33.75986900033803], [-118.12289899995254, 33.75986500028489], [-118.12299500021201, 33.75985700017815], [-118.12326499965043, 33.76002700004549], [-118.12354800040595, 33.76000499979171], [-118.12409499985381, 33.76009300002616], [-118.12544399991599, 33.76029599970472], [-118.12584499977399, 33.76034900012658], [-118.12589900020065, 33.760358000194955], [-118.12595100007918, 33.76036300023255], [-118.12653699988509, 33.76044600006701], [-118.12729400029357, 33.76041899988674], [-118.12818899989598, 33.760155999926326], [-118.12854500044645, 33.759969000111084], [-118.12862200043932, 33.75990800009908], [-118.12899900000788, 33.75961200028145], [-118.12932899972077, 33.759155999874174], [-118.13002300038004, 33.75822700019532], [-118.12943599985088, 33.758113000159405], [-118.13066000023957, 33.755235999712234]]]}, "properties": {"GEOID": "06037577501", "renters": 1344, "pop": 4229, "renter_occ": 1396, "households": 1504, "pct_burden": 76.9, "pct_severe": 37.4, "pct_senior_burden": 79.2, "pct_low_income_burden": 97.1, "pct_white": null, "pct_black": null, "pct_asian": null, "pct_latino": null}}, {"type": "Feature", "geometry": {"type": "Polygon", "coordinates": [[[-118.15410999970865, 33.827645999847526], [-118.15410600040903, 33.82759699990499], [-118.15410300003597, 33.827551999811234], [-118.15403699991373, 33.827550999842025], [-118.15302799961019, 33.82751700013652], [-118.15248600018519, 33.82754500002669], [-118.15243500013156, 33.82754599999596], [-118.15212700015998, 33.827550999842025], [-118.15097800011438, 33.82754699996517], [-118.15110399961276, 33.825044000025954], [-118.1505300004007, 33.82494400011623], [-118.15009900040549, 33.82486800010662], [-118.1489260000704, 33.824977000099366], [-118.14795799977479, 33.824977000099366], [-118.14621700007542, 33.82496600010639], [-118.14545299999429, 33.82495400011244], [-118.14452200040688, 33.8249730001021], [-118.14438199976647, 33.824977000099366], [-118.14335200044485, 33.825031000044305], [-118.1425530002036, 33.825094999934876], [-118.14245600011922, 33.825094999934876], [-118.13823200038074, 33.825075999972334], [-118.13515599996464, 33.82506099999896], [-118.13391700040563, 33.82505500000888], [-118.13391099965955, 33.82434299968771], [-118.13390499981176, 33.82365699979519], [-118.13390200033705, 33.82335099996329], [-118.13389899996398, 33.822965000232834], [-118.13389300011619, 33.822238999982964], [-118.1338860004435, 33.821572999668255], [-118.13390900000974, 33.81882999991509], [-118.13390900000974, 33.81880999998179], [-118.13290499972905, 33.81880799983893], [-118.13208299992158, 33.818806999767524], [-118.13126199993901, 33.81880599969604], [-118.13041599984209, 33.81880400029944], [-118.12983400023415, 33.81880599969604], [-118.12922999998655, 33.81880799983893], [-118.12790400038892, 33.81880599969604], [-118.12707400018553, 33.818812000124574], [-118.1262670004467, 33.81880999998179], [-118.12521700013527, 33.81880799983893], [-118.12416699982384, 33.818806999767524], [-118.12334400019147, 33.81880500037089], [-118.12083199983996, 33.81880799983893], [-118.1199389998874, 33.81880599969604], [-118.1189100003907, 33.81880799983893], [-118.11651699986488, 33.81881300019599], [-118.11651500021505, 33.81957100019174], [-118.11651299966691, 33.820250999697336], [-118.11651199984202, 33.82093700004615], [-118.11651000019218, 33.82162900034713], [-118.11650000014646, 33.82235399977546], [-118.11654799982702, 33.82429300008386], [-118.11656600026868, 33.82501900005948], [-118.11655200002497, 33.826983999758795], [-118.11655799987275, 33.82757199993877], [-118.11655899969767, 33.8276509996878], [-118.11656299989563, 33.82833199982517], [-118.11656200007073, 33.82844299979696], [-118.11656100024581, 33.828614000036204], [-118.11655200002497, 33.83034199964031], [-118.11655100020008, 33.83041300032932], [-118.11654100015434, 33.8313240003429], [-118.11654000032942, 33.83176599965723], [-118.11653500030654, 33.83224799998156], [-118.1165319999335, 33.83240900020269], [-118.11831500036394, 33.83241399976441], [-118.12078400015939, 33.83242299972097], [-118.12097199958205, 33.832423999633136], [-118.12422500044848, 33.8324340002469], [-118.12498299978353, 33.832436999983095], [-118.12514500016523, 33.83227599981466], [-118.12600499960756, 33.83230600021202], [-118.12712100004121, 33.832311999693246], [-118.13054999973642, 33.832317999920335], [-118.13160800044375, 33.83231899983372], [-118.13217199961005, 33.83231999974716], [-118.13220099992235, 33.83231999974716], [-118.13276300033715, 33.832320999660546], [-118.13385399975813, 33.83232300023354], [-118.13722599955193, 33.83233499993939], [-118.13735399959846, 33.83233599985264], [-118.14052100025114, 33.832346999643626], [-118.14063400022904, 33.832346999643626], [-118.14096099956888, 33.8323480003029], [-118.14219699965312, 33.832350000129026], [-118.14245100009636, 33.832352999868185], [-118.14248000040868, 33.832352999868185], [-118.14254399998276, 33.832353999781176], [-118.14262299962547, 33.832353999781176], [-118.14270600036448, 33.832353999781176], [-118.1427080000143, 33.83249300026259], [-118.14276599974065, 33.83249200035122], [-118.14302199983366, 33.83249300026259], [-118.14342100004183, 33.832494000173995], [-118.14349899985964, 33.83249200035122], [-118.14354700043855, 33.832494000173995], [-118.14368600035571, 33.83249500008533], [-118.14416400020659, 33.83249599999671], [-118.14449300009456, 33.832496999908095], [-118.14482000033271, 33.83249899973074], [-118.14506800002984, 33.83249899973074], [-118.14547300008576, 33.832501000299565], [-118.14580799982153, 33.832502000210816], [-118.14612300036413, 33.832503000122124], [-118.14647200034358, 33.83250400003336], [-118.14679399966052, 33.83250499994464], [-118.14680600025441, 33.83250400003336], [-118.14689699959268, 33.83250499994464], [-118.14701200011875, 33.83250499994464], [-118.14749699964233, 33.8325069997671], [-118.1476499998032, 33.83250599985585], [-118.14780700016203, 33.83250400003336], [-118.1499029996886, 33.832513999891546], [-118.14993700002377, 33.83241399976441], [-118.14994100022174, 33.83240299998205], [-118.14995100026748, 33.832377999928774], [-118.1504180002477, 33.83112799988179], [-118.15104000003865, 33.82948599967274], [-118.1519229999455, 33.82896799966717], [-118.1527830002861, 33.828972000223786], [-118.15410399986087, 33.82897699998646], [-118.15410999970865, 33.827645999847526]]]}, "properties": {"GEOID": "06037573601", "renters": 837, "pop": 2986, "renter_occ": 898, "households": 1082, "pct_burden": 57.6, "pct_severe": 28.2, "pct_senior_burden": 79.7, "pct_low_income_burden": 100, "pct_white": null, "pct_black": null, "pct_asian": null, "pct_latino": null}}, {"type": "Feature", "geometry": {"type": "Polygon", "coordinates": [[[-118.18458499987103, 33.807099999672225], [-118.18458599969593, 33.80627300029878], [-118.18457999984814, 33.80618400025898], [-118.18457499982527, 33.80612099987297], [-118.18457599965016, 33.805981999816844], [-118.18457700037341, 33.80584399975789], [-118.18457700037341, 33.805709999628334], [-118.18457800019833, 33.80557799974117], [-118.18457800019833, 33.80543900029586], [-118.18457900002325, 33.8053040000492], [-118.18457999984814, 33.805165999643265], [-118.18457999984814, 33.805027999761236], [-118.18458099967306, 33.804893000359066], [-118.1845820003963, 33.804448000268636], [-118.1845820003963, 33.80433099980698], [-118.18455200025906, 33.80432300012047], [-118.18446600004535, 33.80431599992765], [-118.18391799987425, 33.8042730000101], [-118.18318700030338, 33.80424900018559], [-118.18228299958182, 33.8042370002708], [-118.18182399999749, 33.80423100031277], [-118.18173399958583, 33.80423100031277], [-118.18064599963957, 33.80423000007094], [-118.18064499981467, 33.80432300012047], [-118.18064599963957, 33.80438600033738], [-118.18065700040852, 33.804880000300344], [-118.18066200043141, 33.80511199984572], [-118.18066099970817, 33.80597300006317], [-118.18065900005836, 33.806058999661005], [-118.18065700040852, 33.806201000248606], [-118.1806470003628, 33.80674400015904], [-118.1806470003628, 33.80712000010412], [-118.18064599963957, 33.80759199998313], [-118.18064900001262, 33.80799100001025], [-118.18065200038566, 33.80843500014284], [-118.18064900001262, 33.809015000227724], [-118.1806470003628, 33.80924900012429], [-118.18064499981467, 33.80984800028005], [-118.18064399998975, 33.810014999685585], [-118.18064300016482, 33.81007900036354], [-118.18064999983754, 33.810726999866716], [-118.18065099966246, 33.810883000230454], [-118.18065200038566, 33.81091699983181], [-118.18065700040852, 33.81127500021433], [-118.18066200043141, 33.81164100034102], [-118.17894699977305, 33.811628999970104], [-118.17879199996233, 33.8116300001255], [-118.17849499986141, 33.81163100028087], [-118.17849400003648, 33.81346900035658], [-118.17800500031498, 33.813467000088835], [-118.1776770002519, 33.813465999954914], [-118.17749800015179, 33.81346499982104], [-118.17646799993182, 33.81346300029953], [-118.17631899996891, 33.81346300029953], [-118.17413700022864, 33.813465999954914], [-118.17414300007641, 33.81384700011447], [-118.17414300007641, 33.81403799999467], [-118.17414399990133, 33.814196999921364], [-118.17414399990133, 33.81423199982324], [-118.17414499972622, 33.814368000287146], [-118.17414499972622, 33.81439399975856], [-118.17414499972622, 33.81441000023307], [-118.17414700027436, 33.81472099981282], [-118.17414800009928, 33.814888000154866], [-118.17415200029725, 33.815167000325175], [-118.17415399994707, 33.81528500026255], [-118.17236999969172, 33.81528699974141], [-118.17211299977376, 33.81529100019173], [-118.1719680000088, 33.81529399978301], [-118.17197700022965, 33.816382999705034], [-118.17197800005454, 33.816576000088524], [-118.17197899987946, 33.817102999861], [-118.17198100042762, 33.81775199997813], [-118.17197300003167, 33.81863299984599], [-118.17206799956791, 33.81863299984599], [-118.17227799963021, 33.81863299984599], [-118.17248799969249, 33.81863399991943], [-118.17251100015704, 33.81863399991943], [-118.17253700009628, 33.81863399991943], [-118.17274799998351, 33.81863399991943], [-118.17295899987066, 33.81863399991943], [-118.17306299962775, 33.818634999992916], [-118.17315499968927, 33.818634999992916], [-118.17329399960644, 33.818634999992916], [-118.17343699972156, 33.818634999992916], [-118.17357599963876, 33.818634999992916], [-118.17359999992819, 33.818634999992916], [-118.17362500004255, 33.818634999992916], [-118.17376499978464, 33.818634999992916], [-118.17390500042505, 33.81863600006634], [-118.17404500016711, 33.81863600006634], [-118.17410399971835, 33.818634999992916], [-118.17410299989344, 33.81864700012728], [-118.17409899969549, 33.81870800010006], [-118.17409299984769, 33.818794999655616], [-118.17409600022074, 33.81891600002269], [-118.17414399990133, 33.81891600002269], [-118.17523400039572, 33.818910000347735], [-118.17527299985547, 33.818910000347735], [-118.17527299985547, 33.81878899997217], [-118.17526799983257, 33.81871599993418], [-118.17526100015988, 33.818622999856885], [-118.17577800036884, 33.818622999856885], [-118.17631700031909, 33.818622999856885], [-118.1768610002922, 33.81862500000405], [-118.1774029997172, 33.81862700015117], [-118.1779509998883, 33.81862900029825], [-118.17849099966347, 33.818630999699], [-118.17902799996389, 33.81863199977247], [-118.17958700000564, 33.81863199977247], [-118.18011699973505, 33.81863399991943], [-118.1804659997145, 33.818634999992916], [-118.18066699955597, 33.81863600006634], [-118.18121499972705, 33.818637000139816], [-118.18175100020257, 33.81863800021321], [-118.18228799960471, 33.81863900028666], [-118.18283599977578, 33.81864099968711], [-118.18337399990114, 33.81864199976052], [-118.18353600028283, 33.81864199976052], [-118.18392600027015, 33.81864399990725], [-118.18429600016601, 33.81864399990725], [-118.18445500017468, 33.81862199978325], [-118.18457999984814, 33.818619999636], [-118.18458099967306, 33.81785899992017], [-118.18446199984737, 33.81785899992017], [-118.18446500022043, 33.81758600008913], [-118.18445799964942, 33.81705600003154], [-118.1843379999988, 33.81705600003154], [-118.18421099977719, 33.81705600003154], [-118.18421300032536, 33.81622999997332], [-118.18433499962578, 33.81624899966221], [-118.18458400004612, 33.8162929996326], [-118.1845820003963, 33.8161539996829], [-118.1845820003963, 33.81552299986854], [-118.18458099967306, 33.81533100020666], [-118.18457999984814, 33.81527399976923], [-118.18457900002325, 33.81508499989337], [-118.18457800019833, 33.81490600002475], [-118.18457499982527, 33.81460500008497], [-118.18457900002325, 33.811635000155775], [-118.18457999984814, 33.81076100027648], [-118.18457599965016, 33.809806000333595], [-118.18457200035054, 33.80891999967874], [-118.18457800019833, 33.80809499962925], [-118.18458099967306, 33.80800300014497], [-118.18458400004612, 33.80792800020822], [-118.18458499987103, 33.807099999672225]]]}, "properties": {"GEOID": "06037573401", "renters": 838, "pop": 3750, "renter_occ": 921, "households": 1139, "pct_burden": 56.2, "pct_severe": 40.0, "pct_senior_burden": 75.0, "pct_low_income_burden": 100, "pct_white": null, "pct_black": null, "pct_asian": null, "pct_latino": null}}, {"type": "Feature", "geometry": {"type": "Polygon", "coordinates": [[[-118.18174700000462, 33.80078300014115], [-118.18175000037768, 33.80063899969952], [-118.18066300025633, 33.79994499995883], [-118.17957699995988, 33.79925099981619], [-118.17937899959318, 33.79911999997216], [-118.17904999970521, 33.798909999832304], [-118.17858799974783, 33.798614999956484], [-118.17849099966347, 33.79855300027841], [-118.17810400004917, 33.79830599993505], [-118.17790400003263, 33.798178000329024], [-118.17746100034184, 33.79789599979844], [-118.17743500040257, 33.79787899965205], [-118.17684399967547, 33.79750199984131], [-118.17645600023626, 33.79725399987425], [-118.17631099957299, 33.79713500012562], [-118.17620000014321, 33.79704699986628], [-118.17517900014414, 33.796380000167986], [-118.1748820000432, 33.7961860001743], [-118.17366500022553, 33.79539299964193], [-118.17206900029115, 33.79434900023321], [-118.17199700032111, 33.794303000206696], [-118.17187599994729, 33.7942229999069], [-118.17162900007511, 33.794058000265636], [-118.17154700005932, 33.794006999769216], [-118.17146599986847, 33.79395900032819], [-118.1711710003157, 33.79376900003714], [-118.16803100032551, 33.79174499984803], [-118.16792099982231, 33.79167399990916], [-118.16778899957784, 33.79158899968413], [-118.1676449996378, 33.79149199991269], [-118.16754199970563, 33.7914220001556], [-118.1669609999226, 33.79104500027703], [-118.16706600040288, 33.79093099985613], [-118.1671169995582, 33.79087700003603], [-118.16691599971675, 33.79074899977336], [-118.16681600015764, 33.790683999916645], [-118.16672400009612, 33.79062500017628], [-118.16660699992025, 33.790549000286326], [-118.16640600007881, 33.790413000039756], [-118.16623600019949, 33.790297000207744], [-118.16607999966558, 33.79019099979899], [-118.16550100043064, 33.789855000115345], [-118.16529999969089, 33.789855999778624], [-118.1647430001973, 33.7898579998517], [-118.1643830003472, 33.789857000188434], [-118.16331299994427, 33.789855999778624], [-118.16313700021718, 33.789855999778624], [-118.16300199959964, 33.789855000115345], [-118.16275100042779, 33.789855000115345], [-118.16228600009738, 33.789855000115345], [-118.16164500003988, 33.78985399970551], [-118.16141999990897, 33.78985399970551], [-118.161195999603, 33.78985300004219], [-118.16083199955493, 33.789851999632276], [-118.16046699968196, 33.789851999632276], [-118.160245999749, 33.789851999632276], [-118.16002599964098, 33.78985099996894], [-118.15971199982164, 33.78985099996894], [-118.15892900037221, 33.78985000030565], [-118.15892799964898, 33.78979099999056], [-118.15892799964898, 33.789773000063505], [-118.15783100038021, 33.78976899991327], [-118.15674300043398, 33.78976899991327], [-118.15674300043398, 33.78980400010145], [-118.15674300043398, 33.78987799983355], [-118.15674300043398, 33.78991299997711], [-118.15674699973361, 33.790515999713875], [-118.15674199971075, 33.79074899977336], [-118.15673800041108, 33.79094500019109], [-118.15673800041108, 33.791026000217414], [-118.15673699968785, 33.79168299967333], [-118.15674099988583, 33.79254599987355], [-118.15674099988583, 33.792659999637124], [-118.156731999665, 33.793474000360455], [-118.15694599992523, 33.79348200031448], [-118.15711699962948, 33.79349699985299], [-118.1572720003385, 33.793541999945866], [-118.15739700001195, 33.79359800031041], [-118.15750300031716, 33.79366100021018], [-118.15765399992992, 33.79380200010224], [-118.15776500025798, 33.79386600021485], [-118.15791199967275, 33.793917999664586], [-118.15804999976503, 33.79395200003422], [-118.15824300010885, 33.79397399978318], [-118.15838700004892, 33.79397500014487], [-118.15889500003703, 33.79391700004872], [-118.15889199966398, 33.794451000041626], [-118.15889699968685, 33.795276000238665], [-118.15948300039108, 33.79529300015555], [-118.16002800018912, 33.795302000285815], [-118.16025099977186, 33.795304999831345], [-118.16030000017568, 33.795306000177476], [-118.16042900004712, 33.79528200007797], [-118.16053600017723, 33.79524299999528], [-118.16066599987359, 33.79517900016562], [-118.16069600001079, 33.79516400017526], [-118.16096399979942, 33.794927999881835], [-118.16109000019611, 33.79483899998813], [-118.16122200044059, 33.794782999688834], [-118.16129000021266, 33.79476199975378], [-118.16131399960379, 33.79475900018924], [-118.16139700034276, 33.79474899964926], [-118.16148000018346, 33.794751999960695], [-118.16160499985692, 33.794767000023164], [-118.16170600013926, 33.794782999688834], [-118.16181599974409, 33.794837000031414], [-118.16187600001857, 33.79488499972663], [-118.16207299966206, 33.79498099978291], [-118.16223500004378, 33.79507099987793], [-118.16238700037974, 33.79512399969052], [-118.16253999964228, 33.79517700021678], [-118.16268899960521, 33.795220000225314], [-118.16278300021487, 33.79523599980625], [-118.16328899965482, 33.795267999705764], [-118.1640250001469, 33.79528900026324], [-118.16439000001988, 33.795285999970616], [-118.16473899999933, 33.79528299967789], [-118.16526200005605, 33.79528799991684], [-118.16545600022482, 33.79528900026324], [-118.16597400025867, 33.79529100020939], [-118.16599799964982, 33.7952919998092], [-118.16649399994235, 33.79530099993958], [-118.16656900028543, 33.795300000339864], [-118.16737199982633, 33.79529799964737], [-118.1676150003989, 33.79529599970138], [-118.16761799987361, 33.79558800028259], [-118.16758199988861, 33.796155999797435], [-118.16756500017016, 33.79643499983608], [-118.16756099997221, 33.796506999891086], [-118.16754000005582, 33.79711900015304], [-118.16753500003296, 33.79755900017468], [-118.1675390002309, 33.7980920002763], [-118.16757699986574, 33.79888700030113], [-118.16758199988861, 33.79953099976788], [-118.16756699982001, 33.799862999867315], [-118.16752599981211, 33.80030999974096], [-118.16751900013942, 33.800546999663815], [-118.1675180003145, 33.80074499986153], [-118.1675889995613, 33.80074499986153], [-118.16758699991148, 33.80084400016186], [-118.16760299980501, 33.80241800019896], [-118.16760199998009, 33.802575000297566], [-118.16759299975926, 33.80364499989784], [-118.16759199993434, 33.803803999732004], [-118.16759000028453, 33.80398500017889], [-118.16758799973637, 33.804318999903735], [-118.16726300004638, 33.80431499968676], [-118.16668100043842, 33.804320999638904], [-118.1657859999377, 33.80433200004769], [-118.16540500017119, 33.80433099980698], [-118.16448299990628, 33.804330000312724], [-118.16431200020206, 33.804330000312724], [-118.16323500012645, 33.80432900007205], [-118.16254100036551, 33.80432799983132], [-118.16236399991517, 33.804330000312724], [-118.16113399967873, 33.80434500018966], [-118.16109000019611, 33.80434500018966], [-118.16078499969927, 33.80434500018966], [-118.15917600024441, 33.80434200021448], [-118.15892400034934, 33.804424999986374], [-118.15893500022001, 33.806041000168946], [-118.15893199984696, 33.80741899984585], [-118.15892299962611, 33.80805700035729], [-118.15891799960325, 33.80871300027008], [-118.15891400030361, 33.80936999981343], [-118.15891299958038, 33.809522999872335], [-118.15891400030361, 33.80986199976004], [-118.16117999970949, 33.80986000015437], [-118.16117999970949, 33.80903299984058], [-118.1614490002213, 33.80903400002626], [-118.16216700027172, 33.809035000211985], [-118.16216600044679, 33.80914499966873], [-118.16232700010528, 33.80914499966873], [-118.16232600028036, 33.80916599980681], [-118.16324900037016, 33.80913399987869], [-118.16324900037016, 33.80920299989531], [-118.16324900037016, 33.8092639998853], [-118.16325100002001, 33.809824999956525], [-118.16325000019509, 33.80986599971765], [-118.16325000019509, 33.80998999980422], [-118.16324900037016, 33.81011300028442], [-118.16324699982204, 33.810388999844434], [-118.16325000019509, 33.81075600019512], [-118.1632519998449, 33.81109599983716], [-118.16326899956334, 33.81167800010555], [-118.16433800014133, 33.811670999768054], [-118.16440500008848, 33.81167000035955], [-118.16445699996702, 33.81172999992914], [-118.16495800028245, 33.81171899972507], [-118.16509999967435, 33.81171800031716], [-118.16621100008514, 33.81170999982849], [-118.16760500035313, 33.81170099993097], [-118.16760500035313, 33.81165699983767], [-118.16800700003607, 33.811650999653594], [-118.16870599981988, 33.811649000089695], [-118.16904700030175, 33.81164799993457], [-118.16997899971405, 33.811655999682664], [-118.1702570004467, 33.81165699983767], [-118.17107800042926, 33.81165900014774], [-118.1713119998827, 33.81166000030278], [-118.17196299998595, 33.81166000030278], [-118.1723119999654, 33.81166000030278], [-118.17308799974212, 33.81165900014774], [-118.17392499961821, 33.81165900014774], [-118.17418499990923, 33.81165900014774], [-118.17441900026093, 33.81165900014774], [-118.17567600026159, 33.811654000118864], [-118.17630200025046, 33.8116469997794], [-118.17630300007538, 33.811478999670534], [-118.1763039999003, 33.810499999968116], [-118.17629899987743, 33.809823000349944], [-118.17629200020473, 33.80902200003614], [-118.17630200025046, 33.8083110000418], [-118.17630300007538, 33.808019000322034], [-118.17630499972522, 33.807435000132116], [-118.17630899992317, 33.8066579997568], [-118.17630999974809, 33.80612799991815], [-118.17631099957299, 33.80593499984876], [-118.17629999970232, 33.805169000336], [-118.1762960004027, 33.80493799968582], [-118.17628899983167, 33.80453299966792], [-118.17629700022762, 33.80438300036364], [-118.17631099957299, 33.80424399972368], [-118.17699099998856, 33.80424399972368], [-118.17719900040102, 33.80424000024966], [-118.17738400034895, 33.80424499996535], [-118.17826700025579, 33.80424099974496], [-118.17850300025735, 33.804243000228404], [-118.17946900000484, 33.80425299965915], [-118.17957199993701, 33.804250999922395], [-118.18020600032182, 33.80423600002904], [-118.180457000392, 33.80423000007094], [-118.18064599963957, 33.80423000007094], [-118.18173399958583, 33.80423100031277], [-118.18173600013397, 33.803967000250594], [-118.18172699991312, 33.80348899977345], [-118.18172600008822, 33.80343299990825], [-118.18172400043838, 33.80304999988779], [-118.18172100006532, 33.80261700006112], [-118.18172899956296, 33.802024000157154], [-118.18174100015683, 33.80121699981999], [-118.18174700000462, 33.80078300014115]]]}, "properties": {"GEOID": "06037573402", "renters": 2622, "pop": 4869, "renter_occ": 2855, "households": 3357, "pct_burden": 61.0, "pct_severe": 28.9, "pct_senior_burden": 76.4, "pct_low_income_burden": 68.6, "pct_white": null, "pct_black": null, "pct_asian": null, "pct_latino": null}}, {"type": "Feature", "geometry": {"type": "Polygon", "coordinates": [[[-118.16761799987361, 33.79558800028259], [-118.1676150003989, 33.79529599970138], [-118.16737199982633, 33.79529799964737], [-118.16656900028543, 33.795300000339864], [-118.16649399994235, 33.79530099993958], [-118.16599799964982, 33.7952919998092], [-118.16597400025867, 33.79529100020939], [-118.16545600022482, 33.79528900026324], [-118.16526200005605, 33.79528799991684], [-118.16473899999933, 33.79528299967789], [-118.16439000001988, 33.795285999970616], [-118.1640250001469, 33.79528900026324], [-118.16328899965482, 33.795267999705764], [-118.16278300021487, 33.79523599980625], [-118.16268899960521, 33.795220000225314], [-118.16253999964228, 33.79517700021678], [-118.16238700037974, 33.79512399969052], [-118.16223500004378, 33.79507099987793], [-118.16207299966206, 33.79498099978291], [-118.16187600001857, 33.79488499972663], [-118.16181599974409, 33.794837000031414], [-118.16170600013926, 33.794782999688834], [-118.16160499985692, 33.794767000023164], [-118.16148000018346, 33.794751999960695], [-118.16139700034276, 33.79474899964926], [-118.16131399960379, 33.79475900018924], [-118.16129000021266, 33.79476199975378], [-118.16122200044059, 33.794782999688834], [-118.16109000019611, 33.79483899998813], [-118.16096399979942, 33.794927999881835], [-118.16069600001079, 33.79516400017526], [-118.16066599987359, 33.79517900016562], [-118.16053600017723, 33.79524299999528], [-118.16042900004712, 33.79528200007797], [-118.16030000017568, 33.795306000177476], [-118.16025099977186, 33.795304999831345], [-118.16002800018912, 33.795302000285815], [-118.15948300039108, 33.79529300015555], [-118.15889699968685, 33.795276000238665], [-118.15889199966398, 33.794451000041626], [-118.15889500003703, 33.79391700004872], [-118.15838700004892, 33.79397500014487], [-118.15824300010885, 33.79397399978318], [-118.15804999976503, 33.79395200003422], [-118.15791199967275, 33.793917999664586], [-118.15776500025798, 33.79386600021485], [-118.15765399992992, 33.79380200010224], [-118.15750300031716, 33.79366100021018], [-118.15739700001195, 33.79359800031041], [-118.1572720003385, 33.793541999945866], [-118.15711699962948, 33.79349699985299], [-118.15694599992523, 33.79348200031448], [-118.156731999665, 33.793474000360455], [-118.15674099988583, 33.792659999637124], [-118.15674099988583, 33.79254599987355], [-118.15673699968785, 33.79168299967333], [-118.15673800041108, 33.791026000217414], [-118.15673800041108, 33.79094500019109], [-118.15674199971075, 33.79074899977336], [-118.15674699973361, 33.790515999713875], [-118.15674300043398, 33.78991299997711], [-118.15674300043398, 33.78987799983355], [-118.15674300043398, 33.78980400010145], [-118.15674300043398, 33.78976899991327], [-118.1556620001604, 33.789766000173785], [-118.1545640001684, 33.78976400009856], [-118.15348799991772, 33.78976200002323], [-118.15292800005106, 33.78976100035884], [-118.15240199962126, 33.789759999947904], [-118.15180800031777, 33.78975900028349], [-118.15130000032966, 33.789757999872535], [-118.15023199957656, 33.789757000208105], [-118.15023199957656, 33.789786000177074], [-118.15023400012471, 33.789855000115345], [-118.1496480003188, 33.78983599979164], [-118.14997100035899, 33.79008700007338], [-118.15026099988887, 33.79031900014936], [-118.15033100020909, 33.790380999818645], [-118.1504459998368, 33.79048200021932], [-118.15065900027214, 33.79068700037056], [-118.15089600009861, 33.79093699999995], [-118.15108299969636, 33.791160000194154], [-118.1512960001317, 33.791445000199445], [-118.15146699983593, 33.79172399991431], [-118.15163800043845, 33.792013999965405], [-118.15176300011191, 33.79225600013144], [-118.15182300038639, 33.79238099998627], [-118.15190600022704, 33.79256399996418], [-118.15201699965682, 33.7928460001434], [-118.15206799971045, 33.79302400024956], [-118.15211499956611, 33.7931940000054], [-118.15214800007638, 33.79333699991189], [-118.15217499984057, 33.79346500003801], [-118.15222599989417, 33.7934639996703], [-118.15235700031377, 33.79346199968146], [-118.15239800032164, 33.79346199968146], [-118.1530900004328, 33.7934880002795], [-118.1535790001543, 33.79348899990038], [-118.15416800033329, 33.79346900001555], [-118.1545700000162, 33.7934699996366], [-118.1545700000162, 33.79379400017808], [-118.1545569995974, 33.79456700021759], [-118.15455900014553, 33.79482900020397], [-118.15456499999333, 33.79536200013463], [-118.15456499999333, 33.795762999637155], [-118.15456599981825, 33.796220999978644], [-118.15456499999333, 33.79636900023014], [-118.15503500034661, 33.79636999981737], [-118.15676699982508, 33.796371000151076], [-118.15889599986195, 33.79637399965913], [-118.15889500003703, 33.79644500017916], [-118.1588930003872, 33.796657999892744], [-118.1588930003872, 33.79670499973008], [-118.15888800036431, 33.79711900015304], [-118.15827800026896, 33.79711200011747], [-118.15750400014205, 33.797101000273635], [-118.15677699987084, 33.797112999695976], [-118.15553099974083, 33.79713300022249], [-118.15468100034428, 33.79711200011747], [-118.15456499999333, 33.79711200011747], [-118.15397599981435, 33.79711400002104], [-118.15372800011723, 33.79711799982808], [-118.15315400000691, 33.79712600018808], [-118.1526839996536, 33.79712499986315], [-118.15247799978927, 33.79712499986315], [-118.15138599964506, 33.79711900015304], [-118.1513749997744, 33.79831600005955], [-118.15137200029967, 33.79866400007968], [-118.15136700027679, 33.799235999792906], [-118.15136399990377, 33.7995270000736], [-118.15136399990377, 33.79959300023052], [-118.15135899988087, 33.80017099995018], [-118.15135499968291, 33.80061099995875], [-118.151353999858, 33.800680999666746], [-118.15135499968291, 33.80096700035282], [-118.15135499968291, 33.80104199967247], [-118.15135600040614, 33.80128499997271], [-118.15135600040614, 33.8014460002616], [-118.151361000429, 33.80404199992695], [-118.1513460003604, 33.804426999719055], [-118.15178800022628, 33.80441499982927], [-118.15408799996735, 33.80441900004153], [-118.15441199983245, 33.80441900004153], [-118.15471099958317, 33.80441900004153], [-118.15492900004138, 33.80441900004153], [-118.15578099998609, 33.804420000281205], [-118.1557800001612, 33.80396400026216], [-118.15884599963324, 33.80204900012657], [-118.15885700040218, 33.80207299982157], [-118.15886599972471, 33.80209100014826], [-118.15887699959536, 33.80215999987262], [-118.15887699959536, 33.802449000136654], [-118.15887699959536, 33.802681000301035], [-118.15887999996839, 33.80281799997729], [-118.15890500008277, 33.80348800026941], [-118.1589079995575, 33.80358300013127], [-118.15890900028074, 33.80363899989837], [-118.15892400034934, 33.804424999986374], [-118.15917600024441, 33.80434200021448], [-118.16078499969927, 33.80434500018966], [-118.16109000019611, 33.80434500018966], [-118.16113399967873, 33.80434500018966], [-118.16236399991517, 33.804330000312724], [-118.16254100036551, 33.80432799983132], [-118.16323500012645, 33.80432900007205], [-118.16431200020206, 33.804330000312724], [-118.16448299990628, 33.804330000312724], [-118.16540500017119, 33.80433099980698], [-118.1657859999377, 33.80433200004769], [-118.16668100043842, 33.804320999638904], [-118.16726300004638, 33.80431499968676], [-118.16758799973637, 33.804318999903735], [-118.16759000028453, 33.80398500017889], [-118.16759199993434, 33.803803999732004], [-118.16759299975926, 33.80364499989784], [-118.16760199998009, 33.802575000297566], [-118.16760299980501, 33.80241800019896], [-118.16758699991148, 33.80084400016186], [-118.1675889995613, 33.80074499986153], [-118.1675180003145, 33.80074499986153], [-118.16751900013942, 33.800546999663815], [-118.16752599981211, 33.80030999974096], [-118.16756699982001, 33.799862999867315], [-118.16758199988861, 33.79953099976788], [-118.16757699986574, 33.79888700030113], [-118.1675390002309, 33.7980920002763], [-118.16753500003296, 33.79755900017468], [-118.16754000005582, 33.79711900015304], [-118.16756099997221, 33.796506999891086], [-118.16756500017016, 33.79643499983608], [-118.16758199988861, 33.796155999797435], [-118.16761799987361, 33.79558800028259]]]}, "properties": {"GEOID": "06037573403", "renters": 2862, "pop": 6005, "renter_occ": 2877, "households": 3950, "pct_burden": 44.3, "pct_severe": 18.9, "pct_senior_burden": 100.0, "pct_low_income_burden": 75.2, "pct_white": null, "pct_black": null, "pct_asian": null, "pct_latino": null}}, {"type": "Feature", "geometry": {"type": "Polygon", "coordinates": [[[-118.11655200002497, 33.826983999758795], [-118.11656600026868, 33.82501900005948], [-118.11654799982702, 33.82429300008386], [-118.11650000014646, 33.82235399977546], [-118.11651000019218, 33.82162900034713], [-118.11651199984202, 33.82093700004615], [-118.11651299966691, 33.820250999697336], [-118.11651500021505, 33.81957100019174], [-118.11651699986488, 33.81881300019599], [-118.11463700024838, 33.81880999998179], [-118.11294699970436, 33.81881300019599], [-118.11209999978254, 33.818817999806406], [-118.11126299990646, 33.818816999735056], [-118.110441000099, 33.81881500033872], [-118.1098169997599, 33.818821000020336], [-118.10961400026865, 33.818821000020336], [-118.10958699960615, 33.818821000020336], [-118.10927199996189, 33.81881999994902], [-118.10900300034837, 33.8191209999825], [-118.10850500040598, 33.81968000021953], [-118.10801099976327, 33.82023300020593], [-118.10782099979247, 33.820445999666525], [-118.10653000035492, 33.82197999968913], [-118.10604599975794, 33.822520000111794], [-118.10597499961283, 33.82259900005082], [-118.10564099970199, 33.822980999850266], [-118.10537600028644, 33.823281000145386], [-118.10529300044576, 33.82337599967116], [-118.1043100000815, 33.82449499982634], [-118.10405599963826, 33.82478500001894], [-118.10381799998692, 33.82505500000888], [-118.10331099982372, 33.82562100020593], [-118.103232000181, 33.82571300014506], [-118.10280399966052, 33.82619400028343], [-118.10236799964241, 33.82669400030812], [-118.10153599978919, 33.82762899964222], [-118.10076699968516, 33.8285050002025], [-118.10036900020022, 33.82896000004581], [-118.10023600013083, 33.82912199969409], [-118.10007899977201, 33.82933600009477], [-118.0999320003572, 33.82955499968872], [-118.09976900015059, 33.82982999999938], [-118.09967600026418, 33.83000899997321], [-118.09962500021055, 33.8301119997466], [-118.0995449998446, 33.8302899999391], [-118.09940900030051, 33.830666000108366], [-118.0990949995828, 33.83164999991657], [-118.09891100035813, 33.83220200018244], [-118.09886199995431, 33.832350000129026], [-118.09913300011596, 33.83235100004212], [-118.10085600027196, 33.832359000092325], [-118.10273000004065, 33.83236299974405], [-118.10513299971387, 33.83237199970598], [-118.10599399987942, 33.8323750001905], [-118.1068530003951, 33.83237700001601], [-118.10775700021838, 33.83237999975421], [-118.10837499981132, 33.83238200032582], [-118.10871600029319, 33.832384000151166], [-118.1088579996851, 33.832384000151166], [-118.10970399978203, 33.832386999889124], [-118.11436600008673, 33.83240200006964], [-118.11484700031066, 33.83239900033221], [-118.11590099992173, 33.832406999631715], [-118.1165319999335, 33.83240900020269], [-118.11653500030654, 33.83224799998156], [-118.11654000032942, 33.83176599965723], [-118.11654100015434, 33.8313240003429], [-118.11655100020008, 33.83041300032932], [-118.11655200002497, 33.83034199964031], [-118.11656100024581, 33.828614000036204], [-118.11656200007073, 33.82844299979696], [-118.11656299989563, 33.82833199982517], [-118.11655899969767, 33.8276509996878], [-118.11655799987275, 33.82757199993877], [-118.11655200002497, 33.826983999758795]]]}, "properties": {"GEOID": "06037573700", "renters": 1184, "pop": 3933, "renter_occ": 1186, "households": 1289, "pct_burden": 53.7, "pct_severe": 36.4, "pct_senior_burden": 53.0, "pct_low_income_burden": 100, "pct_white": null, "pct_black": null, "pct_asian": null, "pct_latino": null}}, {"type": "Feature", "geometry": {"type": "Polygon", "coordinates": [[[-118.22661599971354, 33.829546000176464], [-118.22662199956132, 33.82953100024103], [-118.22660700039103, 33.82949300004457], [-118.22634999957474, 33.82881999983532], [-118.22624800036581, 33.828559000158016], [-118.2260359997554, 33.828016999886856], [-118.2251419999779, 33.82562600016462], [-118.22508599990138, 33.82547599978463], [-118.2250719996577, 33.82543900001856], [-118.22500399988564, 33.82526000017812], [-118.22498999964193, 33.82522200032219], [-118.22493199991561, 33.82506799998688], [-118.22489000008282, 33.8249530001129], [-118.22487500001421, 33.824913000120425], [-118.22476100021139, 33.82460700030551], [-118.22467599982257, 33.82438099993427], [-118.22457600026345, 33.82438099993427], [-118.22416299981161, 33.82438099993427], [-118.22229599971556, 33.82438199994055], [-118.22229700043879, 33.82448799979158], [-118.22229599971556, 33.82516299976611], [-118.22229599971556, 33.82520199964495], [-118.2222830001951, 33.82538500033134], [-118.2222830001951, 33.82560300035226], [-118.22201100020852, 33.82560300035226], [-118.22183499958312, 33.82560400034426], [-118.22165800003111, 33.82560400034426], [-118.22147999975586, 33.82560400034426], [-118.22130300020387, 33.82560400034426], [-118.22128099956424, 33.82560400034426], [-118.22112300027881, 33.82560400034426], [-118.22094800037664, 33.82560400034426], [-118.22076699972835, 33.82560400034426], [-118.22060600006988, 33.82560400034426], [-118.22058900035142, 33.82565099995362], [-118.22053199955171, 33.825651999945], [-118.2203890003349, 33.82565299993642], [-118.22016300037907, 33.82571200015433], [-118.21972700036099, 33.82571500012641], [-118.21862099997307, 33.82572200006077], [-118.21854999982796, 33.82572100007017], [-118.21835300018446, 33.82572200006077], [-118.21815300016793, 33.825723000051326], [-118.21788700002915, 33.8257250000325], [-118.21772600037066, 33.825726000022996], [-118.21754999974526, 33.825735999927815], [-118.21739099973661, 33.82575099978277], [-118.2159479999631, 33.82584700028481], [-118.21586500012242, 33.825872999998055], [-118.21570600011378, 33.82590099968033], [-118.2156459998393, 33.82571200015433], [-118.21562099972496, 33.82564000004737], [-118.2156109996792, 33.82560700032012], [-118.21560800020448, 33.825594999669846], [-118.21559200031095, 33.825491999678505], [-118.21560700037956, 33.82544799996313], [-118.21563999999154, 33.82535099976445], [-118.21534799991349, 33.825396000270395], [-118.214750000412, 33.825517000252916], [-118.21441099957995, 33.82558899971724], [-118.21246700038938, 33.82607399975285], [-118.21224899993116, 33.826125999779585], [-118.21182799998168, 33.82621399998235], [-118.21130400010006, 33.82630799999711], [-118.21076199977674, 33.826387000167784], [-118.21053499999601, 33.826413999699284], [-118.21024700011593, 33.82644399991497], [-118.20979000018143, 33.82647600008372], [-118.20932999987392, 33.826492999772015], [-118.20886899974144, 33.82649799967972], [-118.20835099970759, 33.826486999882434], [-118.2078920001233, 33.82646200033785], [-118.20771100037331, 33.82644599987927], [-118.20759599984727, 33.82643999998633], [-118.20736800024162, 33.82642900018158], [-118.20737699956415, 33.826463000319805], [-118.20739800037886, 33.82653299977157], [-118.20742299959491, 33.82661900034156], [-118.20742599996797, 33.82663000012186], [-118.2074360000137, 33.826665000159686], [-118.20744600005943, 33.82669900020406], [-118.20774200033546, 33.82771699979052], [-118.2077819996201, 33.82785399967162], [-118.20816900013273, 33.82918700020372], [-118.20827399971468, 33.82958600024011], [-118.20828600030858, 33.82962299970401], [-118.20846299986057, 33.83033500008417], [-118.20853700037873, 33.83058099981189], [-118.20860099995284, 33.830828000255025], [-118.20866100022732, 33.83107599991249], [-118.20873400002225, 33.83145099968603], [-118.20877900022809, 33.831750000191235], [-118.20875199956559, 33.83347300033444], [-118.20864100013581, 33.8341169998712], [-118.20798199963666, 33.83681300003975], [-118.20754200031892, 33.838664999847104], [-118.20749999958778, 33.83881799972863], [-118.20740500005157, 33.83916199980803], [-118.20735499982283, 33.839339999808686], [-118.20733200025661, 33.83941899987461], [-118.20739800037886, 33.83940800024763], [-118.20753899994587, 33.839369999965115], [-118.20769100028183, 33.83933099983429], [-118.20772700026683, 33.83918499970319], [-118.2082519999734, 33.83918399987011], [-118.20990200033444, 33.83918300003696], [-118.21012200044245, 33.83918300003696], [-118.2112039996426, 33.839181000370694], [-118.21127800016077, 33.83917999979141], [-118.21128800020651, 33.839080000001516], [-118.21152800040603, 33.838435999805256], [-118.21177699992805, 33.837766000160045], [-118.21198899964017, 33.83719499975585], [-118.21204999973953, 33.83703199987879], [-118.21215199984678, 33.836755999744305], [-118.2122780002435, 33.836382999844254], [-118.21239799989407, 33.83609400006073], [-118.21246700038938, 33.83600299997048], [-118.21255799972765, 33.83587599992859], [-118.21260799995636, 33.835803000300906], [-118.21267300025369, 33.83570300029058], [-118.21275000024659, 33.835578000299726], [-118.21281800001864, 33.83546000000927], [-118.21287699956989, 33.835350000072424], [-118.2129269997986, 33.83525499967384], [-118.21298700007306, 33.83514500021933], [-118.21341700024337, 33.834286000173], [-118.2156869998472, 33.8342790001936], [-118.21600800023757, 33.83427800030313], [-118.21613600028407, 33.83394899987585], [-118.21641099974538, 33.83323400004011], [-118.21665500014285, 33.83255200023755], [-118.21672299991491, 33.832559000358366], [-118.2167499996791, 33.83248700004784], [-118.21824799970418, 33.832479999921176], [-118.21885799979954, 33.83247700018649], [-118.22138000019677, 33.832485000224914], [-118.22171499993253, 33.832485000224914], [-118.22350599986056, 33.83248400031346], [-118.22507400020584, 33.83248899987074], [-118.22541700033752, 33.832520000104445], [-118.22549199978225, 33.832511000158114], [-118.22562300020185, 33.83223800009219], [-118.22571799973807, 33.8320469998175], [-118.22575700009614, 33.83195599989593], [-118.2258259996931, 33.831796000233574], [-118.2258819997696, 33.831658000032384], [-118.22604099977825, 33.83122299964365], [-118.2263460002751, 33.83030199993039], [-118.22656200018517, 33.82969600013216], [-118.22661599971354, 33.829546000176464]]]}, "properties": {"GEOID": "06037544002", "renters": 246, "pop": 3835, "renter_occ": 246, "households": 842, "pct_burden": 46.3, "pct_severe": 22.4, "pct_senior_burden": 17.6, "pct_low_income_burden": 100, "pct_white": null, "pct_black": null, "pct_asian": null, "pct_latino": null}}, {"type": "Feature", "geometry": {"type": "Polygon", "coordinates": [[[-118.19913900014946, 33.797122999959846], [-118.19923299986078, 33.797122999959846], [-118.19923299986078, 33.79703999982484], [-118.19922899966281, 33.79530299988546], [-118.19922399963994, 33.79348899990038], [-118.19921799979215, 33.791667999817], [-118.19922100016521, 33.789848000232325], [-118.19807600031754, 33.789846999822416], [-118.19761000016224, 33.78985300004219], [-118.19640900023808, 33.78985099996894], [-118.19635499981142, 33.789851999632276], [-118.19505799962778, 33.789857000188434], [-118.19372299980931, 33.789855000115345], [-118.1937289996571, 33.79167599993982], [-118.19372600018237, 33.79348299993542], [-118.19371600013662, 33.79459699965831], [-118.1937139995885, 33.79530299988546], [-118.19370299971783, 33.797117000249585], [-118.19479400003712, 33.79711799982808], [-118.1958839996332, 33.79711900015304], [-118.19698199962521, 33.797121000056435], [-118.19805600022607, 33.79712199963489], [-118.19807299994451, 33.79712199963489], [-118.198938000308, 33.797122999959846], [-118.19913900014946, 33.797122999959846]]]}, "properties": {"GEOID": "06037573004", "renters": 1209, "pop": 4554, "renter_occ": 1311, "households": 1932, "pct_burden": 50.5, "pct_severe": 23.3, "pct_senior_burden": 54.5, "pct_low_income_burden": 100, "pct_white": null, "pct_black": null, "pct_asian": null, "pct_latino": null}}, {"type": "Feature", "geometry": {"type": "Polygon", "coordinates": [[[-118.16222800037109, 33.7789729999864], [-118.16222400017311, 33.777152000322836], [-118.16222099980006, 33.77533800035209], [-118.1611379998767, 33.77533699977262], [-118.16004900010552, 33.77533500010705], [-118.15892699982409, 33.7753340002743], [-118.1578380000529, 33.775335999939834], [-118.15674699973361, 33.77533699977262], [-118.15648200031806, 33.775335999939834], [-118.15566600035838, 33.775335999939834], [-118.15469399986475, 33.77533900018479], [-118.15458300043498, 33.77534000001753], [-118.1534939997655, 33.775332999694776], [-118.15241199966704, 33.775331000029176], [-118.15241099984213, 33.775349999837566], [-118.1524080003674, 33.77715099976455], [-118.15241199966704, 33.77896399963301], [-118.15349299994058, 33.77896599996053], [-118.15458400025987, 33.77896800028797], [-118.15566499963514, 33.77896299984262], [-118.15675599995443, 33.77896500017012], [-118.157837000228, 33.77895899993411], [-118.15892799964898, 33.77896800028797], [-118.16004800028061, 33.77896900007835], [-118.16113899970159, 33.77897099965903], [-118.16222800037109, 33.7789729999864]]]}, "properties": {"GEOID": "06037576904", "renters": 483, "pop": 6878, "renter_occ": 499, "households": 1987, "pct_burden": 64.0, "pct_severe": 29.0, "pct_senior_burden": 76.6, "pct_low_income_burden": 100, "pct_white": null, "pct_black": null, "pct_asian": null, "pct_latino": null}}, {"type": "Feature", "geometry": {"type": "Polygon", "coordinates": [[[-118.08177899960596, 33.82474699995191], [-118.08186900001762, 33.824378999921706], [-118.08168800026766, 33.8232450001954], [-118.08159500038126, 33.82202699979785], [-118.08158100013755, 33.82159399974057], [-118.0815700002669, 33.82029099963158], [-118.08154599997745, 33.81764900024233], [-118.08139700001453, 33.81764800015732], [-118.08130400012814, 33.81764800015732], [-118.07807100025148, 33.817636999967945], [-118.07634100042283, 33.817625999777114], [-118.07482499995608, 33.81762300026768], [-118.07477200025264, 33.81762300026768], [-118.07329900034192, 33.817626999862384], [-118.0718060003397, 33.81762400035293], [-118.06939000024771, 33.81761200007504], [-118.06914300037549, 33.81761099998964], [-118.06912099973587, 33.81761099998964], [-118.06882399963494, 33.81756200026735], [-118.0685879996334, 33.81755699983721], [-118.06875800041104, 33.817361999998006], [-118.0686739998471, 33.8174179997026], [-118.06842100012712, 33.81747300002986], [-118.0683480003322, 33.81747300002986], [-118.06758300042614, 33.81746999976865], [-118.0674469999837, 33.81753799969254], [-118.06722699987566, 33.81764800015732], [-118.0670389995547, 33.81774199988603], [-118.0668560001549, 33.81783400009221], [-118.06678800038284, 33.81786799991616], [-118.06671899988754, 33.81790199972665], [-118.06655400003112, 33.81798499977794], [-118.06621000007453, 33.81815700011338], [-118.06611399981506, 33.81820700031959], [-118.06601000005797, 33.81825799982806], [-118.06546699990977, 33.818529000350075], [-118.06532700016768, 33.81860099972748], [-118.06514200021975, 33.81869199968319], [-118.06461900016302, 33.81895699990473], [-118.06432100023719, 33.819104000321296], [-118.06400999989256, 33.819259000268524], [-118.06367699980665, 33.81942599995996], [-118.06332899965209, 33.81959999976076], [-118.06316999964345, 33.819681000280795], [-118.06324800035955, 33.82040000023438], [-118.06324800035955, 33.82064800028715], [-118.06324900018447, 33.82070600017766], [-118.06325000000938, 33.820764000028845], [-118.06325699968208, 33.8210489999613], [-118.06326300042817, 33.82133899989963], [-118.06326300042817, 33.82138100015404], [-118.06327099992576, 33.82141900022425], [-118.06327099992576, 33.82142999992718], [-118.06327099992576, 33.821453000115646], [-118.06327799959845, 33.821464999854605], [-118.06327799959845, 33.82149899972771], [-118.06327799959845, 33.82163199971613], [-118.06329299966708, 33.82194099983338], [-118.06328599999438, 33.822033000000395], [-118.06327799959845, 33.82275000027902], [-118.06327799959845, 33.82281100031043], [-118.06327799959845, 33.82368100014546], [-118.06327199975068, 33.82393499970775], [-118.06326799955272, 33.82410700001712], [-118.06401099971748, 33.824069999658725], [-118.06449299976633, 33.82406400034534], [-118.06495499972368, 33.82401799987422], [-118.065200999771, 33.82401399983208], [-118.06532700016768, 33.82401199981095], [-118.06544000014559, 33.82401199981095], [-118.0659330000651, 33.82401199981095], [-118.06635900003744, 33.82285499989013], [-118.06646399961942, 33.82257700019791], [-118.06647399966516, 33.822554000311754], [-118.06648500043413, 33.82252800033568], [-118.06649600030477, 33.822502000351655], [-118.06650600035053, 33.82247600035978], [-118.06651700022118, 33.822450000359936], [-118.06652800009185, 33.8224240003522], [-118.06659900023693, 33.82225699979845], [-118.06662699982604, 33.82219900021353], [-118.06677900016203, 33.822196000118105], [-118.06717300034731, 33.82219099995891], [-118.06743000026526, 33.82218699983132], [-118.06763600012958, 33.82218399973548], [-118.06783600014613, 33.822181999671535], [-118.06802899959166, 33.822179000321825], [-118.06823000033143, 33.8221760002257], [-118.0684269999749, 33.822173000129524], [-118.06858699980847, 33.822171000065275], [-118.0687559998629, 33.82216900000103], [-118.06886800001588, 33.822171000065275], [-118.06880199989362, 33.822264000015906], [-118.06875900023593, 33.8223440002215], [-118.0687280002738, 33.822425999664226], [-118.0687130002052, 33.82247799967054], [-118.06870399998435, 33.82251099985904], [-118.06869200028879, 33.82262600003212], [-118.06871800022803, 33.82386200033094], [-118.06872099970278, 33.82401999989521], [-118.06974800044797, 33.82400299971523], [-118.07171599992805, 33.82397600016872], [-118.0718260004312, 33.82397400014669], [-118.07182499970797, 33.82393499970775], [-118.07180499961649, 33.82324300015629], [-118.07180399979157, 33.82321000025021], [-118.07197100019617, 33.82321000025021], [-118.07249699972762, 33.82346799978687], [-118.07468000019112, 33.823438000019564], [-118.07467599999318, 33.82300799971101], [-118.07481900010829, 33.823051999935586], [-118.07807899974911, 33.82401399983208], [-118.07842699990367, 33.82411700011127], [-118.07929200026715, 33.82437299988378], [-118.08008200028758, 33.82460600030191], [-118.08089499987419, 33.82484600009118], [-118.08133699974009, 33.824977000099366], [-118.08170300033629, 33.82508299995903], [-118.08177899960596, 33.82474699995191]]]}, "properties": {"GEOID": "06037555202", "renters": 781, "pop": 5509, "renter_occ": 809, "households": 1446, "pct_burden": 53.0, "pct_severe": 36.2, "pct_senior_burden": 73.9, "pct_low_income_burden": 100, "pct_white": null, "pct_black": null, "pct_asian": null, "pct_latino": null}}, {"type": "Feature", "geometry": {"type": "Polygon", "coordinates": [[[-118.19372600018237, 33.79348299993542], [-118.1937289996571, 33.79167599993982], [-118.19372299980931, 33.789855000115345], [-118.19303700044428, 33.78985399970551], [-118.19270900038123, 33.7898579998517], [-118.19237999959495, 33.789861000334554], [-118.19172600001696, 33.789859999924786], [-118.19106900006592, 33.78985900026155], [-118.19025599958096, 33.7898579998517], [-118.18936400035159, 33.789857000188434], [-118.18936900037447, 33.79077299965054], [-118.18936799965125, 33.79168400006184], [-118.18937400039736, 33.792586999701236], [-118.18936500017652, 33.79349099988859], [-118.18936299962839, 33.794605999861766], [-118.18937000019939, 33.795310999668594], [-118.18937500022226, 33.79711799982808], [-118.19054299963612, 33.79711900015304], [-118.19159499959738, 33.797121000056435], [-118.1925660002661, 33.79711500034603], [-118.19370299971783, 33.797117000249585], [-118.1937139995885, 33.79530299988546], [-118.19371600013662, 33.79459699965831], [-118.19372600018237, 33.79348299993542]]]}, "properties": {"GEOID": "06037573002", "renters": 596, "pop": 3182, "renter_occ": 652, "households": 1564, "pct_burden": 44.0, "pct_severe": 22.0, "pct_senior_burden": 100.0, "pct_low_income_burden": 51.0, "pct_white": null, "pct_black": null, "pct_asian": null, "pct_latino": null}}, {"type": "Feature", "geometry": {"type": "Polygon", "coordinates": [[[-118.1225590001939, 33.77532200003983], [-118.1226999997609, 33.77532200003983], [-118.12197599986271, 33.77478699963925], [-118.1212350002461, 33.77423999999181], [-118.12118800039043, 33.77420500016303], [-118.12102199981076, 33.774082000352685], [-118.12098199962779, 33.774053000292774], [-118.11961599984721, 33.77303400003945], [-118.11951600028809, 33.77294899998072], [-118.11935800010433, 33.77280300004312], [-118.11918400002706, 33.77262600033239], [-118.11904299956176, 33.772468999823154], [-118.11886900038282, 33.77225100033209], [-118.11871200002398, 33.77202399995064], [-118.11860400006891, 33.77184899987097], [-118.1184760000224, 33.77160999991018], [-118.1183780001131, 33.771395999988805], [-118.1183270000595, 33.77127100011893], [-118.11782599974408, 33.76986600008908], [-118.11759899996333, 33.76924500006604], [-118.11748599998546, 33.76893700000233], [-118.11711000024182, 33.76790900011619], [-118.11690100000445, 33.767338000152705], [-118.11673799979782, 33.76687899998293], [-118.1165319999335, 33.76634399988248], [-118.1162370003807, 33.76560899995139], [-118.11596299984603, 33.76495800033834], [-118.11574699993594, 33.764457000324924], [-118.11557200003377, 33.764042000352745], [-118.11542300007086, 33.76370800033549], [-118.11528900017656, 33.76340700033847], [-118.11523899994785, 33.76329900031012], [-118.11522100040447, 33.7632559999567], [-118.11519999958976, 33.76321500027693], [-118.11512000012213, 33.763046999963635], [-118.11358799976189, 33.76465600029331], [-118.11219100001912, 33.76512100013312], [-118.10681400003708, 33.76627700029619], [-118.1062120003376, 33.76647900032756], [-118.10512400039134, 33.76684400013427], [-118.10505999991895, 33.76686600012616], [-118.10458100024314, 33.76716799985096], [-118.10450400025024, 33.76724999988925], [-118.10442200023448, 33.76733600030044], [-118.10417299981414, 33.767598999884875], [-118.1040859997755, 33.767691000224694], [-118.10407499990485, 33.76771699968595], [-118.10381399978895, 33.768313000223266], [-118.1037960002456, 33.768540999893865], [-118.10379000039781, 33.76861599998703], [-118.10372799957521, 33.769400999860196], [-118.1037269997503, 33.76952700011845], [-118.10372099990254, 33.77011799979956], [-118.10371400022984, 33.77090800026959], [-118.10370699965883, 33.77171500029377], [-118.10368400009261, 33.77417899968359], [-118.10389900017776, 33.77418000027661], [-118.10423100043879, 33.774181000122866], [-118.10670899955676, 33.77411399994398], [-118.10696600037303, 33.774108000114836], [-118.10824099991702, 33.7741320001755], [-118.10887600012678, 33.77413800000291], [-118.10925500024344, 33.77417299985906], [-118.1097310004445, 33.774263000170194], [-118.1103220002733, 33.774441999918885], [-118.11178900033623, 33.77492600031998], [-118.11173999993244, 33.77502599969791], [-118.1118010000318, 33.775046000156884], [-118.11198599997972, 33.77510400034134], [-118.11220699991267, 33.77516400015613], [-118.11246200018077, 33.77521900001165], [-118.11275400025885, 33.77526700025044], [-118.11304899981161, 33.775296999732646], [-118.1133140001255, 33.775310999636744], [-118.11527099973488, 33.775316000295334], [-118.11894200017775, 33.77531899979427], [-118.1212560001625, 33.77531899979427], [-118.12135700044482, 33.77531899979427], [-118.1216510001727, 33.77531899979427], [-118.12247700017814, 33.775321000206866], [-118.1225590001939, 33.77532200003983]]]}, "properties": {"GEOID": "06037577602", "renters": 449, "pop": 1428, "renter_occ": 449, "households": 484, "pct_burden": 60.1, "pct_severe": 29.8, "pct_senior_burden": 42.9, "pct_low_income_burden": 33.9, "pct_white": null, "pct_black": null, "pct_asian": null, "pct_latino": null}}, {"type": "Feature", "geometry": {"type": "Polygon", "coordinates": [[[-118.13284199997987, 33.769343000295436], [-118.13285700004847, 33.768861000281845], [-118.13263199991756, 33.76865700006994], [-118.13251200026697, 33.768465999735106], [-118.13246200003826, 33.768392000171254], [-118.13237800037268, 33.76828099995893], [-118.13236400012896, 33.76825300009115], [-118.13203000021812, 33.768037000164036], [-118.13173099956907, 33.76783899975245], [-118.13148100022214, 33.76765599996095], [-118.13135999984831, 33.767560999813064], [-118.13110700012835, 33.76734299978304], [-118.13105900044776, 33.767297000185415], [-118.13089399969299, 33.767152000253276], [-118.13045400037525, 33.76674799990003], [-118.1300829997562, 33.76641100016316], [-118.12998700039503, 33.76632600025512], [-118.12956200024757, 33.765935999684096], [-118.12931100017742, 33.765704000022865], [-118.12912100020662, 33.76553300026645], [-118.12868699983835, 33.76514299982053], [-118.12878599957254, 33.76512399998897], [-118.12914299994792, 33.76504699992113], [-118.1294640003383, 33.76496300010758], [-118.1297179998832, 33.76488899975916], [-118.12990500037925, 33.76482800026149], [-118.12993700016631, 33.76481799996016], [-118.13024599996278, 33.764708000302726], [-118.13049000036025, 33.76461299987392], [-118.13078999993593, 33.76448499993934], [-118.13108299983887, 33.76434700020409], [-118.13133999975682, 33.76421500002215], [-118.1316760002158, 33.7640270001362], [-118.13140599987908, 33.763903999904194], [-118.13111600034917, 33.763754000366], [-118.13091799998244, 33.76364300012045], [-118.13072600036182, 33.76352399996672], [-118.13051600029954, 33.763380000344185], [-118.13033899984922, 33.76324600021875], [-118.13026500022936, 33.76318700024762], [-118.13012399976407, 33.76306400030371], [-118.1299229999226, 33.762872000220604], [-118.12973600032485, 33.76267099988276], [-118.12955899987452, 33.762463999922765], [-118.12943300037617, 33.762295999630986], [-118.12930299978147, 33.76209700015738], [-118.12914600032097, 33.76181600029018], [-118.12904099984067, 33.76160799976588], [-118.12898099956622, 33.76147699984092], [-118.12889100005285, 33.76120400016331], [-118.1288040000142, 33.76090100033197], [-118.12877700025003, 33.76079000012565], [-118.12865400022638, 33.7599979997098], [-118.12862200043932, 33.75990800009908], [-118.12854500044645, 33.759969000111084], [-118.12818899989598, 33.760155999926326], [-118.12729400029357, 33.76041899988674], [-118.12653699988509, 33.76044600006701], [-118.12595100007918, 33.76036300023255], [-118.12589900020065, 33.760358000194955], [-118.12584499977399, 33.76034900012658], [-118.12544399991599, 33.76029599970472], [-118.12409499985381, 33.76009300002616], [-118.12354800040595, 33.76000499979171], [-118.12326499965043, 33.76002700004549], [-118.12299500021201, 33.75985700017815], [-118.12289899995254, 33.75986500028489], [-118.12286700016548, 33.75986900033803], [-118.12268100039265, 33.75969900015728], [-118.12247700017814, 33.75954399989639], [-118.1207980004031, 33.76051699975361], [-118.12002199972807, 33.76118900019684], [-118.11998400009324, 33.76122200011959], [-118.11873200011544, 33.761796999721064], [-118.11831000034107, 33.761991999937365], [-118.11811100014943, 33.762056999910925], [-118.1180740003395, 33.762068999762754], [-118.11787799962259, 33.76213299969107], [-118.11766000006271, 33.76220500020671], [-118.11512000012213, 33.763046999963635], [-118.11519999958976, 33.76321500027693], [-118.11522100040447, 33.7632559999567], [-118.11523899994785, 33.76329900031012], [-118.11528900017656, 33.76340700033847], [-118.11542300007086, 33.76370800033549], [-118.11557200003377, 33.764042000352745], [-118.11574699993594, 33.764457000324924], [-118.11596299984603, 33.76495800033834], [-118.1162370003807, 33.76560899995139], [-118.1165319999335, 33.76634399988248], [-118.11673799979782, 33.76687899998293], [-118.11690100000445, 33.767338000152705], [-118.11711000024182, 33.76790900011619], [-118.11748599998546, 33.76893700000233], [-118.11759899996333, 33.76924500006604], [-118.11782599974408, 33.76986600008908], [-118.1183270000595, 33.77127100011893], [-118.1183780001131, 33.771395999988805], [-118.1184760000224, 33.77160999991018], [-118.11860400006891, 33.77184899987097], [-118.11871200002398, 33.77202399995064], [-118.11886900038282, 33.77225100033209], [-118.11904299956176, 33.772468999823154], [-118.11918400002706, 33.77262600033239], [-118.11935800010433, 33.77280300004312], [-118.11951600028809, 33.77294899998072], [-118.11961599984721, 33.77303400003945], [-118.12098199962779, 33.774053000292774], [-118.12102199981076, 33.774082000352685], [-118.12118800039043, 33.77420500016303], [-118.1212350002461, 33.77423999999181], [-118.12197599986271, 33.77478699963925], [-118.1226999997609, 33.77532200003983], [-118.12306399980898, 33.775316000295334], [-118.12414699973236, 33.775317999961295], [-118.125227000181, 33.77531999962725], [-118.12632699982284, 33.77532200003983], [-118.12741599959399, 33.77532399970569], [-118.12850500026344, 33.77532600011816], [-118.12850899956311, 33.77351200031037], [-118.12850699991328, 33.77168500030395], [-118.12850100006553, 33.77077499985342], [-118.12850299971531, 33.769878000341016], [-118.12959200038482, 33.769880000133945], [-118.13067500030822, 33.76987499990482], [-118.13169299993423, 33.769875999801336], [-118.13285500039866, 33.769878000341016], [-118.13284199997987, 33.769343000295436]]]}, "properties": {"GEOID": "06037577605", "renters": 460, "pop": 2659, "renter_occ": 513, "households": 1050, "pct_burden": 75.4, "pct_severe": 55.6, "pct_senior_burden": 100.0, "pct_low_income_burden": 0, "pct_white": null, "pct_black": null, "pct_asian": null, "pct_latino": null}}, {"type": "Feature", "geometry": {"type": "Polygon", "coordinates": [[[-118.20545900031281, 33.822673999812], [-118.20545599993977, 33.820744999850305], [-118.20545299956672, 33.81909200025107], [-118.2054280003507, 33.819004000182126], [-118.2054020004114, 33.81891700009288], [-118.20511000033338, 33.818897000179916], [-118.20427199973405, 33.818924999907445], [-118.20423300027431, 33.818899000320684], [-118.20239899979026, 33.818897000179916], [-118.20116000023127, 33.81890299985579], [-118.20021100020217, 33.81890700013699], [-118.200501999557, 33.81897400034149], [-118.19922799983792, 33.818972000202486], [-118.19806100024894, 33.81897100013298], [-118.19599199958823, 33.818974999664675], [-118.19592800001412, 33.818974999664675], [-118.19555700029339, 33.818974999664675], [-118.19544500014038, 33.81897400034149], [-118.19512999959781, 33.81897000006342], [-118.19372299980931, 33.818974999664675], [-118.19371799978646, 33.81893199965131], [-118.1937069999158, 33.81890700013699], [-118.19263999988594, 33.81891299981209], [-118.19188300037578, 33.81891199974191], [-118.1915679998332, 33.81891099967166], [-118.19143599958872, 33.81891099967166], [-118.19127599975518, 33.81891099967166], [-118.19123999977015, 33.81891099967166], [-118.191068000241, 33.81891099967166], [-118.1908919996156, 33.81891099967166], [-118.19084599958484, 33.81891099967166], [-118.19039600022138, 33.818910000347735], [-118.19020500042565, 33.818910000347735], [-118.18936099997856, 33.81890900027751], [-118.18827999970502, 33.81890700013699], [-118.18794699961907, 33.81890700013699], [-118.1871879995608, 33.81890600006667], [-118.18645399961689, 33.81890499999641], [-118.18609899978962, 33.81890499999641], [-118.18501500004133, 33.818910000347735], [-118.18501300039152, 33.82007699972836], [-118.18501000001847, 33.82212099993769], [-118.18501800041439, 33.82214800006997], [-118.18501400021641, 33.824212000200845], [-118.18501000001847, 33.82670500007877], [-118.18645699998991, 33.82670700003692], [-118.1879340000986, 33.826708000016005], [-118.18935599995568, 33.82670999997408], [-118.19051300039723, 33.826710999953065], [-118.19125300018894, 33.8267119999321], [-118.19191000013997, 33.82671299991107], [-118.1931739998133, 33.82671499986903], [-118.19462800035579, 33.82671599984802], [-118.19602599992345, 33.8267119999321], [-118.19721900034999, 33.82671299991107], [-118.19855400016844, 33.826720999742676], [-118.20033199967769, 33.826716999827], [-118.20063700017452, 33.82662600020193], [-118.20119600021627, 33.82748199970121], [-118.20161100031798, 33.82813699992915], [-118.20210500006239, 33.828888999642565], [-118.20309599992426, 33.83056500012417], [-118.20310599996999, 33.830582999679365], [-118.20336399971285, 33.831064999957974], [-118.20380099955585, 33.83187900023103], [-118.2042550000156, 33.83181500019516], [-118.20463699960702, 33.831785000371696], [-118.2048440001946, 33.83018399981882], [-118.2048729996086, 33.82991700017938], [-118.20491799981444, 33.82950799998666], [-118.20505300043195, 33.82827499984414], [-118.20512399967875, 33.827718999724986], [-118.20522800033415, 33.82691499990659], [-118.20531600019768, 33.82623900034566], [-118.20533799993899, 33.82606699984729], [-118.20536700025134, 33.82584000036073], [-118.20536999972605, 33.825818999838575], [-118.20545199974183, 33.825018000060645], [-118.20545900031281, 33.822673999812]]]}, "properties": {"GEOID": "06037577900", "renters": 1357, "pop": 6471, "renter_occ": 1379, "households": 2046, "pct_burden": 63.8, "pct_severe": 30.8, "pct_senior_burden": 87.2, "pct_low_income_burden": 58.8, "pct_white": null, "pct_black": null, "pct_asian": null, "pct_latino": null}}, {"type": "Feature", "geometry": {"type": "Polygon", "coordinates": [[[-118.17707600037735, 33.849163999668455], [-118.17684700004853, 33.84701800026971], [-118.17684200002566, 33.84696199980849], [-118.17653900007693, 33.84394699971478], [-118.17650399991685, 33.84355200018579], [-118.17645500041134, 33.84308999967022], [-118.17629899987743, 33.84149999982181], [-118.17469299989732, 33.84236899993402], [-118.1738059997925, 33.842848999827865], [-118.17299900005366, 33.843283000205545], [-118.17220099963731, 33.84371099969822], [-118.17133100014928, 33.84418400034639], [-118.17051500018958, 33.844624999790824], [-118.16970000005479, 33.84506599994351], [-118.16891699970708, 33.8454940002042], [-118.16757199984288, 33.846217999683034], [-118.16758600008659, 33.84694300022987], [-118.16755900032237, 33.84694000025676], [-118.16760399962993, 33.848866999840645], [-118.16763399976715, 33.8501259996509], [-118.16763999961493, 33.85038800031597], [-118.16764299998799, 33.85046699986622], [-118.16764299998799, 33.85093400000238], [-118.16764200016307, 33.851783999663056], [-118.16910000000517, 33.85177599993913], [-118.16943599956585, 33.85177399982152], [-118.17025999992144, 33.85149600017775], [-118.17047400018168, 33.851424000154694], [-118.17165400018946, 33.85102600030016], [-118.17233600025486, 33.85078600015887], [-118.1736290002405, 33.850329999674216], [-118.17455800017812, 33.85002699969448], [-118.17707600037735, 33.849163999668455]]]}, "properties": {"GEOID": "06037571505", "renters": 896, "pop": 3288, "renter_occ": 920, "households": 1034, "pct_burden": 63.5, "pct_severe": 22.8, "pct_senior_burden": 79.0, "pct_low_income_burden": 100, "pct_white": null, "pct_black": null, "pct_asian": null, "pct_latino": null}}, {"type": "Feature", "geometry": {"type": "Polygon", "coordinates": [[[-118.19425300043706, 33.847873000248846], [-118.1938280002896, 33.84673199987392], [-118.19358399989217, 33.846059000359276], [-118.19316700014063, 33.844923999721544], [-118.19313600017847, 33.84483799966148], [-118.19284499992534, 33.844056000001906], [-118.19273600014539, 33.843761999662185], [-118.19239600038676, 33.84387599982262], [-118.1915479997417, 33.84415200009169], [-118.18975000014099, 33.84478400029096], [-118.1897519997908, 33.84493299985294], [-118.18975099996588, 33.84547399979353], [-118.1897579996386, 33.846087000144315], [-118.1897579996386, 33.84649399984771], [-118.18976600003452, 33.84668100019059], [-118.1897650002096, 33.84731999999279], [-118.18977199988228, 33.847946999741744], [-118.18977899955499, 33.84857999994286], [-118.1897779997301, 33.849199999893955], [-118.18978299975294, 33.84983999996101], [-118.18979000032394, 33.85044999972363], [-118.18978199992804, 33.8504860001532], [-118.18978899960074, 33.851146000117915], [-118.18979699999667, 33.85178599978043], [-118.18980399966934, 33.85241199989838], [-118.18980200001953, 33.85331599975231], [-118.18981500043832, 33.854304999648534], [-118.19173699988761, 33.85430100027773], [-118.19368199980144, 33.85429000032852], [-118.19366699973283, 33.853301000258625], [-118.19366900028096, 33.852397000246], [-118.19366199970993, 33.85175100033077], [-118.19365900023523, 33.85113100024316], [-118.19365500003725, 33.85047100016254], [-118.1936569996871, 33.84982499985695], [-118.1936509998393, 33.849197999716026], [-118.19364400016661, 33.84857199991894], [-118.1936449999915, 33.84793899965849], [-118.1936449999915, 33.847873000248846], [-118.19425300043706, 33.847873000248846]]]}, "properties": {"GEOID": "06037571703", "renters": 876, "pop": 3844, "renter_occ": 877, "households": 1176, "pct_burden": 67.0, "pct_severe": 37.1, "pct_senior_burden": 78.1, "pct_low_income_burden": 100, "pct_white": null, "pct_black": null, "pct_asian": null, "pct_latino": null}}, {"type": "Feature", "geometry": {"type": "Polygon", "coordinates": [[[-118.11460600028624, 33.80323799997174], [-118.11466900003543, 33.80323799997174], [-118.11466900003543, 33.80306199996904], [-118.11466900003543, 33.802857000340815], [-118.11466800021054, 33.80199600012303], [-118.11466800021054, 33.801966000289596], [-118.11466800021054, 33.801850999959754], [-118.11466800021054, 33.80174900001178], [-118.11421700012383, 33.801486000031424], [-118.1138849998628, 33.80125900025], [-118.11337600004978, 33.80088700030938], [-118.11219199984404, 33.799999000030866], [-118.11209200028493, 33.799920000121325], [-118.11193800029916, 33.799801000346754], [-118.1113159996099, 33.79934500034999], [-118.11069800001694, 33.798870000351556], [-118.11006799983008, 33.79840100032377], [-118.10933600043428, 33.79786499970461], [-118.10822599984841, 33.797062999852315], [-118.10791899970177, 33.796820999837756], [-118.10791899970177, 33.796715000041615], [-118.10791799987685, 33.796454999774475], [-118.10791799987685, 33.79543699988651], [-118.10629400035337, 33.79543400034562], [-118.10608699976584, 33.79543400034562], [-118.10583300022095, 33.795431999656266], [-118.10577899979427, 33.795433000000976], [-118.10572500026589, 33.79543100005809], [-118.10558100032586, 33.79542999971341], [-118.10541499974619, 33.79542799977044], [-118.1050430002005, 33.79542500022923], [-118.10464300016744, 33.79544400005911], [-118.10441100036383, 33.79546400022905], [-118.10410300039224, 33.795509000034485], [-118.10373599997114, 33.79552399996431], [-118.103669000024, 33.795527999845646], [-118.10358100016045, 33.79552700024858], [-118.10346300015968, 33.795525000307954], [-118.10342799999957, 33.79552399996431], [-118.10330800034897, 33.7955220000236], [-118.10321799993729, 33.79552099967999], [-118.10280000036086, 33.795520000082846], [-118.10267800016211, 33.795520000082846], [-118.10217400037197, 33.795555999756225], [-118.10195400026396, 33.79555799969613], [-118.10113300028137, 33.79555700009943], [-118.10027200011584, 33.79554799999597], [-118.09961099996684, 33.79555500015949], [-118.09947299987459, 33.795555999756225], [-118.09922199980441, 33.79555900003932], [-118.09922099997952, 33.79591899966033], [-118.09474100014799, 33.795919999999285], [-118.09017699975254, 33.79586100013471], [-118.09035500002777, 33.79892300005147], [-118.09034199960898, 33.79922500022208], [-118.09037500011927, 33.799297000169695], [-118.09035599985269, 33.79943400003757], [-118.09043500039373, 33.800698000003095], [-118.09042199997494, 33.80089099994011], [-118.09045499958688, 33.80094599969551], [-118.09043500039373, 33.801071999829794], [-118.09051499986134, 33.80230899982329], [-118.09050200034089, 33.802529000212886], [-118.09059500022728, 33.80421399993182], [-118.09077299960423, 33.807437999998854], [-118.09076000008375, 33.807641999647025], [-118.09083999955136, 33.809132000256014], [-118.09082000035819, 33.809143000046305], [-118.09085299997017, 33.80921399967648], [-118.09083999955136, 33.8093239996495], [-118.09089999982581, 33.81043199967408], [-118.0913910000955, 33.810436000351444], [-118.09216400039747, 33.810436999774375], [-118.09304999977907, 33.81043900011297], [-118.09389400022616, 33.810440999705094], [-118.09473199992716, 33.81044199987438], [-118.09557800002408, 33.810444000212854], [-118.09642300029606, 33.81044599980488], [-118.09726900039298, 33.8104469999741], [-118.0981149995916, 33.81044900031244], [-118.09917300029893, 33.81045800034168], [-118.10023100010797, 33.81045999993337], [-118.10105299991544, 33.810461000102435], [-118.10188200029393, 33.81046299969405], [-118.10191400008095, 33.81046299969405], [-118.10272800039083, 33.81046500003203], [-118.10275099995707, 33.81046500003203], [-118.10351800041126, 33.810471999721855], [-118.10356600009183, 33.810471999721855], [-118.10358899965804, 33.810471999721855], [-118.10439600029524, 33.810474000059635], [-118.10443499975499, 33.810474000059635], [-118.10486999994815, 33.81047500022847], [-118.10496399965949, 33.81047500022847], [-118.1078719998461, 33.81048099974868], [-118.10883500011889, 33.81048199991749], [-118.11077099981186, 33.810493000280566], [-118.11123600014227, 33.810493999702835], [-118.1117659998717, 33.810494999871494], [-118.11207399984328, 33.810494999871494], [-118.11288899997807, 33.81049700020872], [-118.11375799964121, 33.8104979996309], [-118.11428099969791, 33.810498999799506], [-118.11456299973023, 33.810499999968116], [-118.11456399955514, 33.81025600028656], [-118.11456399955514, 33.81001099973489], [-118.11456600010327, 33.80927999982654], [-118.11457699997393, 33.80841500001832], [-118.11457799979883, 33.80799299965958], [-118.11458000034696, 33.80757199966157], [-118.11458000034696, 33.80742400012223], [-118.11458000034696, 33.807380000068605], [-118.11458000034696, 33.80722800011637], [-118.11459100021762, 33.80593600007072], [-118.11459500041559, 33.804445000297065], [-118.11460600028624, 33.80323799997174]]]}, "properties": {"GEOID": "06037574400", "renters": 1444, "pop": 5152, "renter_occ": 1465, "households": 1766, "pct_burden": 54.7, "pct_severe": 28.5, "pct_senior_burden": 100.0, "pct_low_income_burden": 100, "pct_white": null, "pct_black": null, "pct_asian": null, "pct_latino": null}}, {"type": "Feature", "geometry": {"type": "Polygon", "coordinates": [[[-118.1080009997175, 33.78536000031989], [-118.10800499991548, 33.78382999969795], [-118.10799900006771, 33.78297899966071], [-118.10800300026567, 33.78152800033465], [-118.10739599964504, 33.781526999827484], [-118.10617100032974, 33.78153100036273], [-118.1038320002306, 33.78152099977094], [-118.1037259999254, 33.78152000001035], [-118.10361899979529, 33.78152000001035], [-118.10365300013048, 33.77747999986622], [-118.1036699998489, 33.775659999653755], [-118.10367599969669, 33.77501099991066], [-118.10368200044279, 33.77434400029468], [-118.10368400009261, 33.77417899968359], [-118.10355900041912, 33.77417899968359], [-118.10348400007607, 33.77417899968359], [-118.10318199995228, 33.77417799983731], [-118.10301799992075, 33.77417799983731], [-118.10273400023861, 33.774176999991056], [-118.10165200014015, 33.77417299985906], [-118.10068800004244, 33.77417000031995], [-118.10050700029248, 33.77417000031995], [-118.0981580001476, 33.774181000122866], [-118.09806100006323, 33.774181000122866], [-118.0977549997415, 33.77418699994684], [-118.09748799977778, 33.77418899963919], [-118.0974040001122, 33.77419000023203], [-118.09733600034015, 33.77419100007819], [-118.09728000026364, 33.77419100007819], [-118.09705699978258, 33.774191999924334], [-118.09705599995765, 33.774375999788056], [-118.09705500013273, 33.774560000003376], [-118.09705400030784, 33.77478599980005], [-118.09704199971394, 33.777107999642006], [-118.09702599982042, 33.777507999705314], [-118.09698499981255, 33.77790700033802], [-118.09691700004049, 33.77830400026263], [-118.09682400015406, 33.77869699991986], [-118.09679300019192, 33.778797999914794], [-118.09670500032838, 33.779085000322425], [-118.09656100038833, 33.7794670002603], [-118.09639200033392, 33.779842000033554], [-118.09427499999266, 33.78418400023757], [-118.09345599965992, 33.785444000294426], [-118.09335299972776, 33.7856099998241], [-118.09327699955978, 33.78572800020256], [-118.0933209999407, 33.78577000001964], [-118.09343700029166, 33.78588000026067], [-118.0936289999123, 33.78607899974718], [-118.09387699960939, 33.78633700001371], [-118.0939329996859, 33.786379000278714], [-118.09424700040358, 33.78662099994664], [-118.09420300002263, 33.786698999737084], [-118.09417000041066, 33.786755999797414], [-118.0941650003878, 33.786765999777906], [-118.09403700034127, 33.787051999919825], [-118.09389599987597, 33.78736600020253], [-118.09387400013469, 33.78741599973705], [-118.09379399976874, 33.78756900022184], [-118.0936439999809, 33.78785499992156], [-118.0936439999809, 33.78789900030745], [-118.09357100018595, 33.78798200034596], [-118.09357100018595, 33.788037000183294], [-118.09352500015521, 33.78807500013169], [-118.09347300027667, 33.788228999867805], [-118.09342700024591, 33.78828400029308], [-118.093242000298, 33.78864199979495], [-118.09316000028224, 33.788805999746685], [-118.09287999989974, 33.78936700028851], [-118.09288099972467, 33.78941099989742], [-118.0928149996024, 33.78949399996351], [-118.09282800002121, 33.789520999940656], [-118.09278199999045, 33.78955999964381], [-118.09272900028702, 33.78971399969536], [-118.09268300025626, 33.78976899991327], [-118.09211699964351, 33.79090700002325], [-118.09211699964351, 33.79096200022138], [-118.0919330004188, 33.79126400010954], [-118.09188700038804, 33.7914019997879], [-118.09135400028558, 33.792446000047725], [-118.09132099977532, 33.79247400021974], [-118.09132099977532, 33.79252900015777], [-118.09128800016333, 33.79255599992439], [-118.09125499965307, 33.79266599965976], [-118.09120899962228, 33.79272100022095], [-118.09056500009005, 33.794029999865145], [-118.09056400026515, 33.79408500029657], [-118.09045899978486, 33.79420599977759], [-118.0904129997541, 33.794370999880144], [-118.09029499975331, 33.79455200012007], [-118.09018299960033, 33.795278000185185], [-118.09017299955457, 33.79545799965598], [-118.09016300040714, 33.79562399992738], [-118.09017699975254, 33.79586100013471], [-118.09474100014799, 33.795919999999285], [-118.09922099997952, 33.79591899966033], [-118.09922199980441, 33.79555900003932], [-118.09947299987459, 33.795555999756225], [-118.09961099996684, 33.79555500015949], [-118.10027200011584, 33.79554799999597], [-118.10113300028137, 33.79555700009943], [-118.10195400026396, 33.79555799969613], [-118.10217400037197, 33.795555999756225], [-118.10267800016211, 33.795520000082846], [-118.10280000036086, 33.795520000082846], [-118.10321799993729, 33.79552099967999], [-118.10330800034897, 33.7955220000236], [-118.10342799999957, 33.79552399996431], [-118.10346300015968, 33.795525000307954], [-118.10358100016045, 33.79552700024858], [-118.103669000024, 33.795527999845646], [-118.10373599997114, 33.79552399996431], [-118.10410300039224, 33.795509000034485], [-118.10441100036383, 33.79546400022905], [-118.10464300016744, 33.79544400005911], [-118.1050430002005, 33.79542500022923], [-118.10541499974619, 33.79542799977044], [-118.10558100032586, 33.79542999971341], [-118.10572500026589, 33.79543100005809], [-118.10577899979427, 33.795433000000976], [-118.10583300022095, 33.795431999656266], [-118.10608699976584, 33.79543400034562], [-118.10629400035337, 33.79543400034562], [-118.10791799987685, 33.79543699988651], [-118.1079289997475, 33.79451400006015], [-118.10793100029564, 33.793755999781744], [-118.10793200012056, 33.79351800009835], [-118.10794100034137, 33.79301699987908], [-118.10794299999121, 33.792252000097214], [-118.10794499964102, 33.791525999752736], [-118.10794700018916, 33.79080699977611], [-118.10796899993048, 33.788703999932], [-118.10797099958029, 33.78787899986334], [-118.10798099962602, 33.786718000010275], [-118.1080009997175, 33.78536000031989]]]}, "properties": {"GEOID": "06037574500", "renters": 1291, "pop": 4018, "renter_occ": 1302, "households": 1467, "pct_burden": 54.1, "pct_severe": 27.1, "pct_senior_burden": 42.7, "pct_low_income_burden": 100, "pct_white": null, "pct_black": null, "pct_asian": null, "pct_latino": null}}, {"type": "Feature", "geometry": {"type": "Polygon", "coordinates": [[[-118.11187600037486, 33.78138899991375], [-118.11187200017692, 33.781313000039425], [-118.11183100016902, 33.78123300029533], [-118.11179000016115, 33.78117099997561], [-118.1117449999553, 33.781081000202434], [-118.11172300021398, 33.78104200037087], [-118.1116949997266, 33.78099399963486], [-118.11162500030471, 33.78083599975989], [-118.11154800031179, 33.780688000283675], [-118.11150800012884, 33.78050200024631], [-118.11148100036465, 33.780248000169124], [-118.11147600034178, 33.77959900009296], [-118.11148100036465, 33.77930599970256], [-118.1114770001667, 33.77910499983367], [-118.1114839998394, 33.777323000038855], [-118.11148100036465, 33.776671999819975], [-118.11149100041041, 33.77631900016057], [-118.11148100036465, 33.776058000109536], [-118.1114839998394, 33.77578599966791], [-118.11147999964145, 33.77559299988484], [-118.11149399988516, 33.775511000363906], [-118.11154400011387, 33.77535399991461], [-118.1115759999009, 33.77529500006615], [-118.11162899960435, 33.775213000259946], [-118.11171800019112, 33.77506599986442], [-118.11173999993244, 33.77502599969791], [-118.11178900033623, 33.77492600031998], [-118.1103220002733, 33.774441999918885], [-118.1097310004445, 33.774263000170194], [-118.10925500024344, 33.77417299985906], [-118.10887600012678, 33.77413800000291], [-118.10824099991702, 33.7741320001755], [-118.10696600037303, 33.774108000114836], [-118.10670899955676, 33.77411399994398], [-118.10423100043879, 33.774181000122866], [-118.10389900017776, 33.77418000027661], [-118.10368400009261, 33.77417899968359], [-118.10368200044279, 33.77434400029468], [-118.10367599969669, 33.77501099991066], [-118.1036699998489, 33.775659999653755], [-118.10365300013048, 33.77747999986622], [-118.10361899979529, 33.78152000001035], [-118.1037259999254, 33.78152000001035], [-118.1038320002306, 33.78152099977094], [-118.10617100032974, 33.78153100036273], [-118.10739599964504, 33.781526999827484], [-118.10800300026567, 33.78152800033465], [-118.1115340000681, 33.78154800002211], [-118.11155800035755, 33.781544999994644], [-118.11165899974159, 33.78154800002211], [-118.11167999965798, 33.78154800002211], [-118.11170300012252, 33.781541999967054], [-118.11175500000104, 33.781529000095155], [-118.11180299968163, 33.781510000163934], [-118.11183899966663, 33.7814839996618], [-118.111863999781, 33.781435999920156], [-118.11187600037486, 33.78138899991375]]]}, "properties": {"GEOID": "06037574602", "renters": 2575, "pop": 6993, "renter_occ": 2647, "households": 3293, "pct_burden": 49.7, "pct_severe": 29.8, "pct_senior_burden": 79.8, "pct_low_income_burden": 50.5, "pct_white": null, "pct_black": null, "pct_asian": null, "pct_latino": null}}, {"type": "Feature", "geometry": {"type": "Polygon", "coordinates": [[[-118.13405100029993, 33.784456000143166], [-118.13405299994977, 33.78378999989085], [-118.13267299992546, 33.78267299993516], [-118.1325549999247, 33.782586999986286], [-118.13254400005403, 33.782572000029745], [-118.1302540003587, 33.780882000301766], [-118.12937399992659, 33.780238000174194], [-118.12849500021774, 33.779592999901354], [-118.1276130001358, 33.77894499987951], [-118.12740700027148, 33.77879300020621], [-118.12632000015013, 33.77797900029357], [-118.12571300042782, 33.777529000138635], [-118.12552000008397, 33.77738699977497], [-118.12523899987657, 33.777180000269134], [-118.12414400025763, 33.7763799996917], [-118.12306299998407, 33.775579999856774], [-118.1226999997609, 33.77532200003983], [-118.1225590001939, 33.77532200003983], [-118.12247700017814, 33.775321000206866], [-118.1216510001727, 33.77531899979427], [-118.12135700044482, 33.77531899979427], [-118.1212560001625, 33.77531899979427], [-118.12130100036835, 33.77553900009987], [-118.12137099979024, 33.77581000000514], [-118.12145799982885, 33.776078000327566], [-118.12202199989348, 33.777649999868395], [-118.12212599965056, 33.77793999979626], [-118.12214800029017, 33.778014999875296], [-118.12219599997076, 33.77817999981796], [-118.12224200000152, 33.778368999809814], [-118.1223070002988, 33.7787210001882], [-118.1223330002381, 33.778891999758784], [-118.12234699958347, 33.779047999907576], [-118.12235099978145, 33.779311000127876], [-118.12235099978145, 33.77945000018782], [-118.12234999995653, 33.779699999770976], [-118.12234999995653, 33.77995099989665], [-118.1223480003067, 33.78051999988221], [-118.12234699958347, 33.78109000033332], [-118.12234599975858, 33.78131600007503], [-118.12234599975858, 33.78141099990405], [-118.12234499993369, 33.781777999825614], [-118.12234499993369, 33.7819970002137], [-118.12234300028383, 33.782819999969036], [-118.12233200041318, 33.78387399991216], [-118.12234099973571, 33.7841240000213], [-118.12237300042108, 33.78445699986945], [-118.12239299961423, 33.7845810001861], [-118.12241699990369, 33.78473300004021], [-118.12256000001882, 33.785311999764154], [-118.12267600036978, 33.78566300026728], [-118.12280100004327, 33.78597699967044], [-118.12294099978533, 33.78628600014421], [-118.12306800000694, 33.78652800007496], [-118.12316799956604, 33.786708000024184], [-118.12332999994776, 33.78697300000744], [-118.12340699994066, 33.787088999863215], [-118.12343000040518, 33.78711599985212], [-118.12345399979631, 33.787150999631535], [-118.12406800008965, 33.788047000014174], [-118.12422999957303, 33.78828400029308], [-118.12439100012983, 33.78852200034141], [-118.12503100036243, 33.788443999971825], [-118.12570900022985, 33.78835299994855], [-118.12659499961144, 33.78823500020098], [-118.12705400009405, 33.78817600026623], [-118.12735500039291, 33.78815300009082], [-118.12759100039449, 33.78814499963885], [-118.127788000038, 33.78814499963885], [-118.12808400031399, 33.78815599988681], [-118.128444999989, 33.78818899987573], [-118.12870399955678, 33.78822600007436], [-118.12880300018928, 33.788242999897975], [-118.12906500013011, 33.788298999995675], [-118.12935399983512, 33.78837699975074], [-118.12953299993526, 33.78843699997345], [-118.1296350000425, 33.78847100028006], [-118.12972700010401, 33.788506000252234], [-118.13005799964182, 33.78864399989639], [-118.13063799959994, 33.7889220001056], [-118.13137099971894, 33.789272999996314], [-118.13167500039089, 33.78939799972692], [-118.13195499987506, 33.789498999794006], [-118.13217699963292, 33.78957099970998], [-118.13243199990104, 33.7896370000775], [-118.13272300015417, 33.7896970001638], [-118.13305200004214, 33.789744000090074], [-118.13331499980788, 33.7897770002135], [-118.13361299973371, 33.789795999803694], [-118.13403200003337, 33.78979799987823], [-118.13403600023135, 33.78839999986598], [-118.13403600023135, 33.78838099996601], [-118.13403600023135, 33.78836299974253], [-118.13404600027707, 33.78667899975929], [-118.13404999957669, 33.784698000019134], [-118.13405100029993, 33.784456000143166]]]}, "properties": {"GEOID": "06037574800", "renters": 2783, "pop": 5935, "renter_occ": 2783, "households": 3756, "pct_burden": 38.2, "pct_severe": 12.3, "pct_senior_burden": 52.6, "pct_low_income_burden": 100, "pct_white": null, "pct_black": null, "pct_asian": null, "pct_latino": null}}, {"type": "Feature", "geometry": {"type": "Polygon", "coordinates": [[[-118.13402700001048, 33.792013999965405], [-118.13403200003337, 33.78979799987823], [-118.13361299973371, 33.789795999803694], [-118.13331499980788, 33.7897770002135], [-118.13305200004214, 33.789744000090074], [-118.13272300015417, 33.7896970001638], [-118.13243199990104, 33.7896370000775], [-118.13217699963292, 33.78957099970998], [-118.13195499987506, 33.789498999794006], [-118.13167500039089, 33.78939799972692], [-118.13137099971894, 33.789272999996314], [-118.13063799959994, 33.7889220001056], [-118.13005799964182, 33.78864399989639], [-118.12972700010401, 33.788506000252234], [-118.1296350000425, 33.78847100028006], [-118.12953299993526, 33.78843699997345], [-118.12935399983512, 33.78837699975074], [-118.12906500013011, 33.788298999995675], [-118.12880300018928, 33.788242999897975], [-118.12870399955678, 33.78822600007436], [-118.128444999989, 33.78818899987573], [-118.12808400031399, 33.78815599988681], [-118.127788000038, 33.78814499963885], [-118.12759100039449, 33.78814499963885], [-118.12735500039291, 33.78815300009082], [-118.12705400009405, 33.78817600026623], [-118.12659499961144, 33.78823500020098], [-118.12570900022985, 33.78835299994855], [-118.12503100036243, 33.788443999971825], [-118.12439100012983, 33.78852200034141], [-118.12422999957303, 33.78828400029308], [-118.12406800008965, 33.788047000014174], [-118.12345399979631, 33.787150999631535], [-118.12223699997863, 33.78670200033063], [-118.12142100001893, 33.78637700012438], [-118.12127200005602, 33.78672599984896], [-118.12100199971927, 33.78874000023178], [-118.12010799994178, 33.78873899980892], [-118.11923900027867, 33.78873699970965], [-118.11904199973684, 33.78873699970965], [-118.11619800002265, 33.78873199983467], [-118.11619299999978, 33.79100700015358], [-118.11707799955646, 33.79100900019983], [-118.11707599990662, 33.791734000061105], [-118.11707400025679, 33.79246000013488], [-118.11707199970867, 33.79319200001026], [-118.11705699964006, 33.79598799988134], [-118.11791000030796, 33.79599600034695], [-118.1187639999025, 33.79599800027658], [-118.11962400024314, 33.795998999868154], [-118.1205020001271, 33.79600099979772], [-118.12073399993066, 33.79600200013578], [-118.12096699955919, 33.79600200013578], [-118.1212079995836, 33.79600599999478], [-118.12145000033125, 33.79600900026211], [-118.12193800022789, 33.79600999985355], [-118.12207299994711, 33.79600999985355], [-118.12531199967151, 33.79602200017535], [-118.12694799978885, 33.79602499969564], [-118.12782300019805, 33.79602700037113], [-118.12868600001343, 33.796027999962355], [-118.12955499967657, 33.79602900030004], [-118.13042400023804, 33.79603100022897], [-118.13129299990118, 33.796038999944024], [-118.13216199956429, 33.79603399974895], [-118.13265000035925, 33.79604200021026], [-118.13303000030085, 33.79604200021026], [-118.13399299967531, 33.79604999992427], [-118.1340060000941, 33.794164000365804], [-118.13401799978966, 33.79257400001292], [-118.13402700001048, 33.792013999965405]]]}, "properties": {"GEOID": "06037574901", "renters": 812, "pop": 2807, "renter_occ": 817, "households": 1426, "pct_burden": 35.3, "pct_severe": 16.5, "pct_senior_burden": 39.2, "pct_low_income_burden": 44.8, "pct_white": null, "pct_black": null, "pct_asian": null, "pct_latino": null}}, {"type": "Feature", "geometry": {"type": "Polygon", "coordinates": [[[-118.14280199972565, 33.790387999658016], [-118.14276099971775, 33.79040699985923], [-118.14271899988496, 33.79042100027986], [-118.14260500008213, 33.79044599990538], [-118.14251399984555, 33.79045299973946], [-118.14249999960184, 33.79045400014235], [-118.14239300037003, 33.79044799996468], [-118.14228100021705, 33.7904260000562], [-118.14217400008691, 33.790387000001], [-118.14212100038347, 33.79035899989295], [-118.14208600022339, 33.790339999681095], [-118.14200699968232, 33.79028099970367], [-118.14193800008537, 33.790210000043906], [-118.14192800003964, 33.790196999994656], [-118.14190499957508, 33.79016100030747], [-118.14187799981092, 33.79011899965784], [-118.14185900044265, 33.79007300034476], [-118.14184400037405, 33.79003699985879], [-118.14182400028255, 33.78993999982219], [-118.14182400028255, 33.78985300004219], [-118.14184000017607, 33.789766000173785], [-118.1418639995672, 33.789701999982476], [-118.14187199996313, 33.78968199995952], [-118.14191999964372, 33.78960399990006], [-118.1419749998953, 33.78953899992069], [-118.14204600004038, 33.789476999641685], [-118.14212999970597, 33.789424000066006], [-118.14197700044343, 33.78943999998363], [-118.14190100027545, 33.78943099998368], [-118.14179699962007, 33.789404999646656], [-118.14159099975575, 33.78929300011475], [-118.14152100033384, 33.78921800020632], [-118.14098599968325, 33.78883999990683], [-118.13951799979539, 33.78778899967364], [-118.13908500015035, 33.78747800001527], [-118.13823200038074, 33.78687699993074], [-118.13700499961898, 33.78600100013862], [-118.13698000040293, 33.7859830001614], [-118.13662399985249, 33.78572899991404], [-118.13660899978387, 33.7857200002706], [-118.13659299989035, 33.785707000286266], [-118.1363140002311, 33.78549700009377], [-118.1361679997429, 33.78538599964535], [-118.13612799955992, 33.78535699967932], [-118.1360880002753, 33.785326000271255], [-118.1356460004094, 33.78499300006913], [-118.13486600043473, 33.784404999900005], [-118.13462100021233, 33.78421899972214], [-118.13414800038433, 33.783862000127506], [-118.13405299994977, 33.78378999989085], [-118.13405100029993, 33.784456000143166], [-118.13404999957669, 33.784698000019134], [-118.13404600027707, 33.78667899975929], [-118.13403600023135, 33.78836299974253], [-118.13403600023135, 33.78838099996601], [-118.13403600023135, 33.78839999986598], [-118.13403200003337, 33.78979799987823], [-118.13402700001048, 33.792013999965405], [-118.13401799978966, 33.79257400001292], [-118.1340060000941, 33.794164000365804], [-118.13399299967531, 33.79604999992427], [-118.13396900028418, 33.796260000362324], [-118.1341829996461, 33.79608899963934], [-118.13423399969973, 33.79604999992427], [-118.13501600022255, 33.79605100026177], [-118.13618199998659, 33.79605100026177], [-118.1389219999437, 33.79605199985271], [-118.1402020004089, 33.79606000031234], [-118.14104799960752, 33.796055000118486], [-118.1417230000002, 33.796058999974946], [-118.14262900037158, 33.79606400016858], [-118.14263199984634, 33.79541099988043], [-118.14263900041732, 33.79501600007993], [-118.14264799973985, 33.794257000155454], [-118.14264899956477, 33.79375300018195], [-118.1426589996105, 33.79317099968492], [-118.14265500031085, 33.79305400023101], [-118.14265799978558, 33.792285000000525], [-118.14265799978558, 33.79215799998617], [-118.14266000033372, 33.79154200002413], [-118.14265399958764, 33.79081799968207], [-118.142758000243, 33.79081799968207], [-118.14280199972565, 33.790387999658016]]]}, "properties": {"GEOID": "06037574902", "renters": 585, "pop": 3333, "renter_occ": 607, "households": 1702, "pct_burden": 49.2, "pct_severe": 32.8, "pct_senior_burden": 50.4, "pct_low_income_burden": 100, "pct_white": null, "pct_black": null, "pct_asian": null, "pct_latino": null}}, {"type": "Feature", "geometry": {"type": "Polygon", "coordinates": [[[-118.15889500003703, 33.79644500017916], [-118.15889599986195, 33.79637399965913], [-118.15676699982508, 33.796371000151076], [-118.15503500034661, 33.79636999981737], [-118.15456499999333, 33.79636900023014], [-118.15456599981825, 33.796220999978644], [-118.15456499999333, 33.795762999637155], [-118.15456499999333, 33.79536200013463], [-118.15455900014553, 33.79482900020397], [-118.1545569995974, 33.79456700021759], [-118.1545700000162, 33.79379400017808], [-118.1545700000162, 33.7934699996366], [-118.15416800033329, 33.79346900001555], [-118.1535790001543, 33.79348899990038], [-118.1530900004328, 33.7934880002795], [-118.15239800032164, 33.79346199968146], [-118.15235700031377, 33.79346199968146], [-118.15222599989417, 33.7934639996703], [-118.15217499984057, 33.79346500003801], [-118.15214800007638, 33.79333699991189], [-118.15211499956611, 33.7931940000054], [-118.15206799971045, 33.79302400024956], [-118.15201699965682, 33.7928460001434], [-118.15190600022704, 33.79256399996418], [-118.15182300038639, 33.79238099998627], [-118.15176300011191, 33.79225600013144], [-118.15163800043845, 33.792013999965405], [-118.15146699983593, 33.79172399991431], [-118.1512960001317, 33.791445000199445], [-118.15108299969636, 33.791160000194154], [-118.15089600009861, 33.79093699999995], [-118.15065900027214, 33.79068700037056], [-118.1504459998368, 33.79048200021932], [-118.15033100020909, 33.790380999818645], [-118.15026099988887, 33.79031900014936], [-118.14997100035899, 33.79008700007338], [-118.1496480003188, 33.78983599979164], [-118.14942599966263, 33.78983599979164], [-118.14835199996008, 33.78983399971805], [-118.14805300020934, 33.78983399971805], [-118.14799200010997, 33.78983399971805], [-118.14588099961645, 33.789842999675635], [-118.14586399989803, 33.789842999675635], [-118.14426799996365, 33.789841000348794], [-118.1442090004124, 33.78983500012817], [-118.14372700036358, 33.78982899990713], [-118.1434179996688, 33.789819000284346], [-118.14327299990384, 33.78978800025184], [-118.14313599963648, 33.78974299967889], [-118.14315800027609, 33.789844999749064], [-118.14315999992591, 33.789926000069485], [-118.14314599968222, 33.790012999775314], [-118.1431160004433, 33.79009699966485], [-118.14307000041254, 33.79017599968126], [-118.14301799963569, 33.79024000026484], [-118.14301000013808, 33.79024900017975], [-118.14292899994723, 33.79031799974488], [-118.14285399960416, 33.79036500007686], [-118.14280199972565, 33.790387999658016], [-118.142758000243, 33.79081799968207], [-118.14265399958764, 33.79081799968207], [-118.14266000033372, 33.79154200002413], [-118.14265799978558, 33.79215799998617], [-118.14265799978558, 33.792285000000525], [-118.14265500031085, 33.79305400023101], [-118.1426589996105, 33.79317099968492], [-118.14264899956477, 33.79375300018195], [-118.14264799973985, 33.794257000155454], [-118.14263900041732, 33.79501600007993], [-118.14263199984634, 33.79541099988043], [-118.14262900037158, 33.79606400016858], [-118.1417230000002, 33.796058999974946], [-118.14104799960752, 33.796055000118486], [-118.14104400030786, 33.79691300014601], [-118.14103199971399, 33.799689000232114], [-118.14105500017853, 33.799689000232114], [-118.14199499998678, 33.7996970003518], [-118.1426179996026, 33.79969799990016], [-118.1426660001815, 33.79969799990016], [-118.14268299989995, 33.79969799990016], [-118.14274900002219, 33.79969799990016], [-118.14337099981311, 33.79969900019503], [-118.14341000017116, 33.79969900019503], [-118.144333000261, 33.79970100003814], [-118.14436500004803, 33.79970100003814], [-118.14524999960472, 33.799707999861965], [-118.14528999978766, 33.799707999861965], [-118.14616699984673, 33.79970999970494], [-118.14720899976223, 33.79971799982265], [-118.14818100025586, 33.79971999966532], [-118.1482909998607, 33.79972700023414], [-118.1482830003631, 33.79608000033836], [-118.150480000172, 33.796082999856615], [-118.1514109997594, 33.796084000193716], [-118.15140800028469, 33.79613799971553], [-118.15139700041404, 33.79630400016126], [-118.15138599964506, 33.797103000177515], [-118.15138599964506, 33.79711900015304], [-118.15247799978927, 33.79712499986315], [-118.1526839996536, 33.79712499986315], [-118.15315400000691, 33.79712600018808], [-118.15372800011723, 33.79711799982808], [-118.15397599981435, 33.79711400002104], [-118.15456499999333, 33.79711200011747], [-118.15468100034428, 33.79711200011747], [-118.15553099974083, 33.79713300022249], [-118.15677699987084, 33.797112999695976], [-118.15750400014205, 33.797101000273635], [-118.15827800026896, 33.79711200011747], [-118.15888800036431, 33.79711900015304], [-118.1588930003872, 33.79670499973008], [-118.1588930003872, 33.796657999892744], [-118.15889500003703, 33.79644500017916]]]}, "properties": {"GEOID": "06037575001", "renters": 507, "pop": 3229, "renter_occ": 507, "households": 1611, "pct_burden": 51.9, "pct_severe": 26.8, "pct_senior_burden": 100.0, "pct_low_income_burden": 45.2, "pct_white": null, "pct_black": null, "pct_asian": null, "pct_latino": null}}, {"type": "Feature", "geometry": {"type": "Polygon", "coordinates": [[[-118.15023199957656, 33.789757000208105], [-118.15023400012471, 33.78897999985286], [-118.15022800027693, 33.78834599994275], [-118.15022999992674, 33.787574999854655], [-118.15023199957656, 33.78667099991617], [-118.15021700040627, 33.78576700014006], [-118.1502209997059, 33.785408999817314], [-118.15022800027693, 33.78485799967882], [-118.15022999992674, 33.7834989998733], [-118.15023199957656, 33.78258900022916], [-118.14963099970201, 33.78259200022007], [-118.14920599955458, 33.78259399971622], [-118.1475159999089, 33.78259599995893], [-118.14696899956272, 33.78259699970695], [-118.14662999962898, 33.78259599995893], [-118.14620399965666, 33.782595000210875], [-118.14588800018748, 33.782595000210875], [-118.144806000089, 33.78259599995893], [-118.1437159995946, 33.78259599995893], [-118.14262500017361, 33.78259699970695], [-118.14209200007114, 33.78258499974338], [-118.1415530001209, 33.782595000210875], [-118.14153600040245, 33.782595000210875], [-118.1410309998891, 33.78259399971622], [-118.14050100015966, 33.782592999968145], [-118.13990899960764, 33.78259200022007], [-118.13933299984747, 33.78259099972538], [-118.13880700031599, 33.782589999977276], [-118.1386240000179, 33.782589999977276], [-118.13829000010705, 33.782589999977276], [-118.13776200002746, 33.78258600023814], [-118.13718399971913, 33.78258100000402], [-118.1356680001507, 33.78258600023814], [-118.13525499969883, 33.78258499974338], [-118.13463299990792, 33.78258399999521], [-118.13415099985907, 33.78258300024702], [-118.1325549999247, 33.782586999986286], [-118.13267299992546, 33.78267299993516], [-118.13405299994977, 33.78378999989085], [-118.13414800038433, 33.783862000127506], [-118.13462100021233, 33.78421899972214], [-118.13486600043473, 33.784404999900005], [-118.1356460004094, 33.78499300006913], [-118.1360880002753, 33.785326000271255], [-118.13612799955992, 33.78535699967932], [-118.1361679997429, 33.78538599964535], [-118.1363140002311, 33.78549700009377], [-118.13659299989035, 33.785707000286266], [-118.13660899978387, 33.7857200002706], [-118.13662399985249, 33.78572899991404], [-118.13698000040293, 33.7859830001614], [-118.13700499961898, 33.78600100013862], [-118.13823200038074, 33.78687699993074], [-118.13908500015035, 33.78747800001527], [-118.13951799979539, 33.78778899967364], [-118.14098599968325, 33.78883999990683], [-118.14152100033384, 33.78921800020632], [-118.14159099975575, 33.78929300011475], [-118.14179699962007, 33.789404999646656], [-118.14190100027545, 33.78943099998368], [-118.14197700044343, 33.78943999998363], [-118.14212999970597, 33.789424000066006], [-118.14204600004038, 33.789476999641685], [-118.1419749998953, 33.78953899992069], [-118.14191999964372, 33.78960399990006], [-118.14187199996313, 33.78968199995952], [-118.1418639995672, 33.789701999982476], [-118.14184000017607, 33.789766000173785], [-118.14182400028255, 33.78985300004219], [-118.14182400028255, 33.78993999982219], [-118.14184400037405, 33.79003699985879], [-118.14185900044265, 33.79007300034476], [-118.14187799981092, 33.79011899965784], [-118.14190499957508, 33.79016100030747], [-118.14192800003964, 33.790196999994656], [-118.14193800008537, 33.790210000043906], [-118.14200699968232, 33.79028099970367], [-118.14208600022339, 33.790339999681095], [-118.14212100038347, 33.79035899989295], [-118.14217400008691, 33.790387000001], [-118.14228100021705, 33.7904260000562], [-118.14239300037003, 33.79044799996468], [-118.14249999960184, 33.79045400014235], [-118.14251399984555, 33.79045299973946], [-118.14260500008213, 33.79044599990538], [-118.14271899988496, 33.79042100027986], [-118.14276099971775, 33.79040699985923], [-118.14280199972565, 33.790387999658016], [-118.14285399960416, 33.79036500007686], [-118.14292899994723, 33.79031799974488], [-118.14301000013808, 33.79024900017975], [-118.14301799963569, 33.79024000026484], [-118.14307000041254, 33.79017599968126], [-118.1431160004433, 33.79009699966485], [-118.14314599968222, 33.790012999775314], [-118.14315999992591, 33.789926000069485], [-118.14315800027609, 33.789844999749064], [-118.14313599963648, 33.78974299967889], [-118.14327299990384, 33.78978800025184], [-118.1434179996688, 33.789819000284346], [-118.14372700036358, 33.78982899990713], [-118.1442090004124, 33.78983500012817], [-118.14426799996365, 33.789841000348794], [-118.14586399989803, 33.789842999675635], [-118.14588099961645, 33.789842999675635], [-118.14799200010997, 33.78983399971805], [-118.14805300020934, 33.78983399971805], [-118.14835199996008, 33.78983399971805], [-118.14942599966263, 33.78983599979164], [-118.1496480003188, 33.78983599979164], [-118.15023400012471, 33.789855000115345], [-118.15023199957656, 33.789786000177074], [-118.15023199957656, 33.789757000208105]]]}, "properties": {"GEOID": "06037575002", "renters": 994, "pop": 3875, "renter_occ": 1022, "households": 1594, "pct_burden": 43.2, "pct_severe": 18.4, "pct_senior_burden": 90.3, "pct_low_income_burden": 100, "pct_white": null, "pct_black": null, "pct_asian": null, "pct_latino": null}}, {"type": "Feature", "geometry": {"type": "Polygon", "coordinates": [[[-118.18937900042023, 33.78577400035669], [-118.1893869999178, 33.785326000271255], [-118.18937400039736, 33.78393400030358], [-118.18937400039736, 33.78380900006292], [-118.18937400039736, 33.78369100002665], [-118.18937600004718, 33.78258900022916], [-118.18935799960552, 33.78258900022916], [-118.18893800037927, 33.78259099972538], [-118.18864100027835, 33.78259099972538], [-118.1883490002003, 33.782592999968145], [-118.18798599997713, 33.78259399971622], [-118.18733800024695, 33.782602999688116], [-118.18669100034164, 33.782611999659125], [-118.18605100010906, 33.78260499993066], [-118.18567899966506, 33.782604000182715], [-118.18501599986625, 33.78259699970695], [-118.18447899956581, 33.78259899994959], [-118.18393299994285, 33.782601999940155], [-118.18338800014482, 33.78260100019224], [-118.18285199966931, 33.78260100019224], [-118.18230699987126, 33.782599999697595], [-118.18176100024833, 33.78259899994959], [-118.1812249997728, 33.78259899994959], [-118.18067999997476, 33.78259800020163], [-118.18067599977681, 33.784826000368106], [-118.18068400017272, 33.78486700015942], [-118.18066599973103, 33.78577700023603], [-118.18067400012696, 33.78623199963442], [-118.18067999997476, 33.787135000032805], [-118.18067900014984, 33.788046000329764], [-118.1806769996017, 33.788949000263166], [-118.18067599977681, 33.78938500030097], [-118.18067499995188, 33.78985300004219], [-118.18176500044628, 33.78985399970551], [-118.18284800036965, 33.789851999632276], [-118.18394499963844, 33.78985000030565], [-118.18448100011395, 33.789851999632276], [-118.18502599991199, 33.789851999632276], [-118.18563099998448, 33.78985300004219], [-118.18669299999148, 33.78985399970551], [-118.18719199975875, 33.78985399970551], [-118.18867399989028, 33.789855999778624], [-118.18934699973485, 33.789857000188434], [-118.18936400035159, 33.789857000188434], [-118.18936600000144, 33.78895299970507], [-118.18937400039736, 33.788049999813886], [-118.18937500022226, 33.787139000306084], [-118.18937000019939, 33.78623000022326], [-118.18937900042023, 33.78577400035669]]]}, "properties": {"GEOID": "06037575300", "renters": 1534, "pop": 6923, "renter_occ": 1664, "households": 2278, "pct_burden": 78.4, "pct_severe": 60.2, "pct_senior_burden": 74.3, "pct_low_income_burden": 58.3, "pct_white": null, "pct_black": null, "pct_asian": null, "pct_latino": null}}, {"type": "Feature", "geometry": {"type": "Polygon", "coordinates": [[[-118.19273600014539, 33.843761999662185], [-118.1926380002361, 33.843495999691115], [-118.19257700013675, 33.84332800022517], [-118.19246699963355, 33.84303100025459], [-118.19232000021881, 33.842629999972935], [-118.19217399973061, 33.84222800025028], [-118.19177600024567, 33.84113799988682], [-118.19164099962815, 33.84076700008745], [-118.19159799997044, 33.840651999693975], [-118.19122300005174, 33.83964599986552], [-118.19103499973075, 33.839124999996066], [-118.19034299961962, 33.837256999783094], [-118.19018600015907, 33.836829000050386], [-118.18997299972376, 33.83625700023433], [-118.18935099993283, 33.83453199972371], [-118.18878900041634, 33.83482800024657], [-118.18867100041557, 33.83488700010219], [-118.1879280002508, 33.835289000032816], [-118.18775300034864, 33.8353810000147], [-118.18725500040625, 33.83564400025201], [-118.18644799976909, 33.83607199994942], [-118.18614800019341, 33.836236000032606], [-118.18500099979762, 33.83684799963944], [-118.18400400008797, 33.8373749998311], [-118.18346799961246, 33.837661000207326], [-118.18294399973081, 33.837940999794604], [-118.18167000001172, 33.83862500030109], [-118.1797479996641, 33.83965200032386], [-118.17790400003263, 33.84063199964216], [-118.17629899987743, 33.84149999982181], [-118.17645500041134, 33.84308999967022], [-118.17650399991685, 33.84355200018579], [-118.17653900007693, 33.84394699971478], [-118.17684200002566, 33.84696199980849], [-118.17684700004853, 33.84701800026971], [-118.17707600037735, 33.849163999668455], [-118.17783600026057, 33.848903999910654], [-118.1794870004465, 33.848319000173596], [-118.18084999985405, 33.84785199991729], [-118.1834350000005, 33.84696700001101], [-118.18457900002325, 33.846561000069485], [-118.18494399989622, 33.84643600029256], [-118.18732099963019, 33.84562100012882], [-118.18771399999055, 33.84548599989126], [-118.18830300016954, 33.84528399976198], [-118.18927399993993, 33.844951000112935], [-118.18975000014099, 33.84478400029096], [-118.1915479997417, 33.84415200009169], [-118.19239600038676, 33.84387599982262], [-118.19273600014539, 33.843761999662185]]]}, "properties": {"GEOID": "06037571502", "renters": 1059, "pop": 3700, "renter_occ": 1059, "households": 1567, "pct_burden": 44.9, "pct_severe": 25.5, "pct_senior_burden": 50.5, "pct_low_income_burden": 100, "pct_white": null, "pct_black": null, "pct_asian": null, "pct_latino": null}}, {"type": "Feature", "geometry": {"type": "Polygon", "coordinates": [[[-118.18493499967538, 33.84712399965676], [-118.18494399989622, 33.84643600029256], [-118.18457900002325, 33.846561000069485], [-118.1834350000005, 33.84696700001101], [-118.18084999985405, 33.84785199991729], [-118.1794870004465, 33.848319000173596], [-118.17783600026057, 33.848903999910654], [-118.17707600037735, 33.849163999668455], [-118.17716099986787, 33.850061999850446], [-118.17722199996723, 33.850766999938635], [-118.17722100014231, 33.850813999886824], [-118.17745299994594, 33.85087700017368], [-118.17826300005781, 33.85128900013442], [-118.17839500030232, 33.85131699969749], [-118.17873800043398, 33.85153700010159], [-118.17882299992448, 33.85153700010159], [-118.17888900004672, 33.85157500019537], [-118.17902100029121, 33.85160299966469], [-118.17903899983455, 33.851592999801966], [-118.18005599963568, 33.85181199980986], [-118.1801410000245, 33.85186699964534], [-118.18028599978946, 33.85189400008058], [-118.18035199991171, 33.85193299969951], [-118.18066800027917, 33.852014999854006], [-118.18073400040144, 33.85205900006824], [-118.18182099962446, 33.852400000027465], [-118.18203200040996, 33.85249900021791], [-118.18219700026638, 33.85253699988372], [-118.18226300038866, 33.85258099982906], [-118.18241400000137, 33.85260899971467], [-118.18244699961335, 33.85263599991537], [-118.18257899985781, 33.852663999782955], [-118.1825920002766, 33.852647000077596], [-118.18308500019612, 33.852674999941556], [-118.18310299973948, 33.85267600036281], [-118.18336999970316, 33.85269099996627], [-118.18368600007065, 33.85249299991571], [-118.1838080002694, 33.852395000142934], [-118.18392899974491, 33.852437999737326], [-118.18407400040819, 33.852437000059325], [-118.18491799995695, 33.85243299985501], [-118.1849149995839, 33.850960000291195], [-118.184913999759, 33.85050699983726], [-118.18424900031036, 33.85050600013665], [-118.18424799958711, 33.85119200016499], [-118.18424699976222, 33.851219000067545], [-118.1842459999373, 33.85125099991341], [-118.1842250000209, 33.85136699990691], [-118.18418599966284, 33.851479999929204], [-118.18413200013448, 33.851582999938124], [-118.18265300037598, 33.85002300012337], [-118.18215899973325, 33.84946699972496], [-118.1826540002009, 33.84917399981553], [-118.18294799992879, 33.8490670002703], [-118.18297999971581, 33.8490410001514], [-118.1830910000439, 33.84896100030977], [-118.18322599976312, 33.84888200011287], [-118.18337300007622, 33.84881399975273], [-118.1835260002371, 33.848762000099036], [-118.18368600007065, 33.848722999778474], [-118.18381699959193, 33.848703999845405], [-118.18394899983639, 33.848693999643366], [-118.18426900040183, 33.848692999921504], [-118.18492399980474, 33.848580999666055], [-118.18493300002557, 33.84803400013222], [-118.18493499967538, 33.84712399965676]]]}, "properties": {"GEOID": "06037571600", "renters": 1373, "pop": 4878, "renter_occ": 1438, "households": 1635, "pct_burden": 66.6, "pct_severe": 39.3, "pct_senior_burden": 81.5, "pct_low_income_burden": 100, "pct_white": null, "pct_black": null, "pct_asian": null, "pct_latino": null}}, {"type": "Feature", "geometry": {"type": "Polygon", "coordinates": [[[-118.20765699994664, 33.839452000239476], [-118.20769100028183, 33.83933099983429], [-118.20753899994587, 33.839369999965115], [-118.20739800037886, 33.83940800024763], [-118.20733200025661, 33.83941899987461], [-118.20735499982283, 33.839339999808686], [-118.20740500005157, 33.83916199980803], [-118.20749999958778, 33.83881799972863], [-118.20754200031892, 33.838664999847104], [-118.20740599987649, 33.8387109998988], [-118.20717400007287, 33.838789999800056], [-118.20713399988992, 33.83880299992791], [-118.20708700003424, 33.83881900031216], [-118.20632600032614, 33.83907699975234], [-118.20607500025596, 33.83916099997463], [-118.20543199965034, 33.83937599969667], [-118.20499900000526, 33.83946600009646], [-118.2045200003295, 33.83959200019846], [-118.20421499983266, 33.83969899967136], [-118.20409199980901, 33.83974199968683], [-118.20396999961027, 33.83978600025286], [-118.20367400023255, 33.83989000000839], [-118.2033240004282, 33.840013999838405], [-118.20303900002286, 33.84011400002765], [-118.20251299959305, 33.840293000103976], [-118.20235699995746, 33.840346000254705], [-118.20224900000242, 33.84038199971897], [-118.20198500041178, 33.84048399985951], [-118.20183700027377, 33.8405419997242], [-118.20098100013112, 33.840907999943525], [-118.20062999960352, 33.84103000016575], [-118.20020000033152, 33.84116899996806], [-118.19932099972432, 33.8414900002688], [-118.19809999970867, 33.841899999636034], [-118.19795999996659, 33.841949000333265], [-118.19695099966307, 33.84230500029159], [-118.19592899983904, 33.84266500017481], [-118.19492299990856, 33.84301800002381], [-118.19483900024296, 33.84304799963516], [-118.19426500013263, 33.84325100035954], [-118.19273600014539, 33.843761999662185], [-118.19284499992534, 33.844056000001906], [-118.19313600017847, 33.84483799966148], [-118.19316700014063, 33.844923999721544], [-118.19358399989217, 33.846059000359276], [-118.1938280002896, 33.84673199987392], [-118.19425300043706, 33.847873000248846], [-118.1936449999915, 33.847873000248846], [-118.1936449999915, 33.84793899965849], [-118.19364400016661, 33.84857199991894], [-118.1936509998393, 33.849197999716026], [-118.1936569996871, 33.84982499985695], [-118.19365500003725, 33.85047100016254], [-118.19365900023523, 33.85113100024316], [-118.19366199970993, 33.85175100033077], [-118.19366900028096, 33.852397000246], [-118.19366699973283, 33.853301000258625], [-118.19368199980144, 33.85429000032852], [-118.19479499986204, 33.85428400015214], [-118.19659900020889, 33.85427300020074], [-118.19847100032776, 33.85426200024793], [-118.20019500030865, 33.85425699972636], [-118.20146099963182, 33.85434599971608], [-118.20184599959629, 33.85437300011374], [-118.20148699957112, 33.855074999996724], [-118.20130499999622, 33.85543400014058], [-118.20128200043001, 33.8554719999927], [-118.20109400010902, 33.85578999985917], [-118.20105599957587, 33.855851999821866], [-118.20099700002463, 33.85595099974123], [-118.2009230004048, 33.856077000150826], [-118.20089400009249, 33.856120999764535], [-118.20036299963982, 33.85693399972147], [-118.20016299962327, 33.8572779999699], [-118.20000100013989, 33.85755600019049], [-118.19952699958866, 33.85827100016995], [-118.19937400032609, 33.858519000006154], [-118.19925499960208, 33.8587130003505], [-118.19846999960453, 33.85998999982846], [-118.19855599981827, 33.8602700000909], [-118.19863700000911, 33.86053000031178], [-118.19880100004065, 33.86105600031745], [-118.1989049997977, 33.861407000368025], [-118.19905499958554, 33.86191299990158], [-118.19921500031742, 33.86244899967809], [-118.19927200021884, 33.86264199974096], [-118.19930900002876, 33.862769000278696], [-118.19956599994671, 33.862363000104786], [-118.19983799993328, 33.86197100013718], [-118.20064300002231, 33.86087200034357], [-118.20086999980302, 33.86056199965308], [-118.20094299959797, 33.860455000200204], [-118.20117699994972, 33.8601180001689], [-118.20133400030852, 33.86013800013485], [-118.20135299967681, 33.86010900014545], [-118.2020869996207, 33.85907299972191], [-118.20273100005127, 33.858168000020335], [-118.20281100041723, 33.85805600025255], [-118.20287199961827, 33.85796800001228], [-118.20291599999919, 33.85790499973372], [-118.20296700005282, 33.85782899993971], [-118.20300999971053, 33.857766000304544], [-118.2030430002208, 33.85771499974885], [-118.20308500005359, 33.857652000029645], [-118.20311900038878, 33.85760100015182], [-118.20316799989429, 33.857523999722794], [-118.20322599962059, 33.85743500006078], [-118.20325800030595, 33.8573829996873], [-118.20328199969708, 33.85734499993945], [-118.2033460001695, 33.85724099979712], [-118.20343300020815, 33.85709899967089], [-118.2034869997365, 33.85700800031692], [-118.20353299976726, 33.85692999972778], [-118.20356999957718, 33.85686399980491], [-118.20359999971443, 33.8568119998297], [-118.20365300031617, 33.856719999796], [-118.20372600011109, 33.85658899995004], [-118.2037760003398, 33.85649600004562], [-118.20382599967023, 33.85640300003992], [-118.20389599999042, 33.85626999969541], [-118.203951000242, 33.856163999721204], [-118.20403099970964, 33.85600300024066], [-118.20407900028852, 33.85590599965647], [-118.20410799970252, 33.855845000117114], [-118.20413799983974, 33.85578399978818], [-118.20415200008344, 33.8557529997878], [-118.20419899993912, 33.855655000025294], [-118.20426500006137, 33.85550900018581], [-118.20432000031295, 33.85538600010693], [-118.20435999959761, 33.85529400002915], [-118.20442499989493, 33.85513899977129], [-118.20450199988782, 33.85495400008199], [-118.20458800010155, 33.85473600032091], [-118.20463499995721, 33.8546109998236], [-118.20468099998797, 33.854485999889384], [-118.20474000043751, 33.85432399982783], [-118.20479099959283, 33.85417100010925], [-118.20483300032393, 33.85404499987186], [-118.20487400033183, 33.853917999787924], [-118.2049239996622, 33.853760000283415], [-118.20496200019537, 33.853632999775705], [-118.20500800022613, 33.85347400007814], [-118.20502599976948, 33.85340999980195], [-118.20506900032551, 33.85325000002071], [-118.2051270000518, 33.85302600012188], [-118.20515800001395, 33.85289800034223], [-118.20518800015117, 33.85276899995057], [-118.20523099980888, 33.852575999955114], [-118.20525799957305, 33.8524469998232], [-118.20528400041064, 33.85231699981705], [-118.20530799980176, 33.85218800004007], [-118.20533100026631, 33.85205799963976], [-118.20534799998475, 33.85196099979748], [-118.20535100035778, 33.85194300026842], [-118.20536200022845, 33.851880000021715], [-118.20537099955096, 33.85183200022887], [-118.20537899994689, 33.851783999663056], [-118.20538700034281, 33.85173599981627], [-118.20539499984042, 33.851687999942506], [-118.2054020004114, 33.85163900035438], [-118.20540999990902, 33.85159099968012], [-118.20541699958171, 33.851542999724884], [-118.20542499997764, 33.85149499974267], [-118.20543199965034, 33.85144699973349], [-118.20543800039643, 33.851398999697324], [-118.2054450000691, 33.85134999994342], [-118.20545199974183, 33.85130199985276], [-118.20545799958961, 33.85125399973513], [-118.2054640003357, 33.851206000336575], [-118.2054710000084, 33.85115699972595], [-118.20547600003127, 33.8511090002729], [-118.20548199987905, 33.85106100004681], [-118.20548799972683, 33.85101200009903], [-118.2054929997497, 33.85096399981843], [-118.20549799977256, 33.85091600025693], [-118.20550399962035, 33.850867000226025], [-118.20550899964321, 33.850818999863954], [-118.20551299984119, 33.850771000220966], [-118.20551799986406, 33.85072200010683], [-118.205522000062, 33.85067399966329], [-118.20553700013065, 33.850464999717964], [-118.20574100034513, 33.84911000004787], [-118.20584099990424, 33.84883999994073], [-118.20596099955483, 33.848713000324686], [-118.20618599968574, 33.84860999983952], [-118.20665600003902, 33.848606000202125], [-118.20665699986394, 33.84840399998878], [-118.20665799968886, 33.84833000014566], [-118.20666100006189, 33.847885000009676], [-118.20669399967386, 33.84750199984893], [-118.20662699972672, 33.84681300005449], [-118.20661800040419, 33.846719000206235], [-118.20661500003114, 33.846676999716735], [-118.20659400011475, 33.846676999716735], [-118.20659099974169, 33.84656700004224], [-118.20603199969995, 33.84656600029549], [-118.20590299982854, 33.84659199967549], [-118.20591200004935, 33.846484000133024], [-118.20595499970706, 33.84619099969201], [-118.20599499989004, 33.84595799991254], [-118.20604099992079, 33.84571900021187], [-118.20610100019523, 33.84544400028783], [-118.20615700027174, 33.84521300023466], [-118.20622099984583, 33.8449690003691], [-118.2064300000832, 33.84420899993078], [-118.2065129999239, 33.8439069996567], [-118.20659800031272, 33.84359900037275], [-118.20715399998139, 33.841582000290686], [-118.20707799981341, 33.8415649998724], [-118.20753499974789, 33.839897000274334], [-118.2075630002353, 33.839791000129175], [-118.20765699994664, 33.839452000239476]]]}, "properties": {"GEOID": "06037571701", "renters": 1115, "pop": 4531, "renter_occ": 1115, "households": 1407, "pct_burden": 61.0, "pct_severe": 29.2, "pct_senior_burden": 50.9, "pct_low_income_burden": 100, "pct_white": null, "pct_black": null, "pct_asian": null, "pct_latino": null}}, {"type": "Feature", "geometry": {"type": "Polygon", "coordinates": [[[-118.20875199956559, 33.83347300033444], [-118.20877900022809, 33.831750000191235], [-118.20873400002225, 33.83145099968603], [-118.20866100022732, 33.83107599991249], [-118.20860099995284, 33.830828000255025], [-118.20853700037873, 33.83058099981189], [-118.20846299986057, 33.83033500008417], [-118.20828600030858, 33.82962299970401], [-118.20827399971468, 33.82958600024011], [-118.20816900013273, 33.82918700020372], [-118.2077819996201, 33.82785399967162], [-118.20774200033546, 33.82771699979052], [-118.20744600005943, 33.82669900020406], [-118.2074360000137, 33.826665000159686], [-118.20742599996797, 33.82663000012186], [-118.20742299959491, 33.82661900034156], [-118.20739800037886, 33.82653299977157], [-118.20737699956415, 33.826463000319805], [-118.20736800024162, 33.82642900018158], [-118.2072529997156, 33.82641599966424], [-118.20721099988282, 33.82640999976924], [-118.20661400020622, 33.826331000366096], [-118.2058230003609, 33.82618299970076], [-118.205710000383, 33.82615900005275], [-118.20560999992557, 33.82613499965178], [-118.2055560003972, 33.82612199983601], [-118.20547299965818, 33.82610200011557], [-118.20533799993899, 33.82606699984729], [-118.20531600019768, 33.82623900034566], [-118.20522800033415, 33.82691499990659], [-118.20512399967875, 33.827718999724986], [-118.20505300043195, 33.82827499984414], [-118.20491799981444, 33.82950799998666], [-118.2048729996086, 33.82991700017938], [-118.2048440001946, 33.83018399981882], [-118.20463699960702, 33.831785000371696], [-118.2042550000156, 33.83181500019516], [-118.20380099955585, 33.83187900023103], [-118.20336399971285, 33.831064999957974], [-118.20310599996999, 33.830582999679365], [-118.20309599992426, 33.83056500012417], [-118.20210500006239, 33.828888999642565], [-118.20161100031798, 33.82813699992915], [-118.20119600021627, 33.82748199970121], [-118.20063700017452, 33.82662600020193], [-118.20033199967769, 33.826716999827], [-118.19855400016844, 33.826720999742676], [-118.19721900034999, 33.82671299991107], [-118.19602599992345, 33.8267119999321], [-118.19462800035579, 33.82671599984802], [-118.1931739998133, 33.82671499986903], [-118.19191000013997, 33.82671299991107], [-118.19125300018894, 33.8267119999321], [-118.19051300039723, 33.826710999953065], [-118.18935599995568, 33.82670999997408], [-118.1879340000986, 33.826708000016005], [-118.18645699998991, 33.82670700003692], [-118.18501000001847, 33.82670500007877], [-118.1850049999956, 33.82762799967391], [-118.18499800032288, 33.82893399977885], [-118.18499999997272, 33.83079400036025], [-118.18500099979762, 33.831750000191235], [-118.18645500034009, 33.83175200003136], [-118.18719099993386, 33.83175299995143], [-118.18793200044878, 33.83253899990512], [-118.18878400039347, 33.83344300034664], [-118.18935199975775, 33.834038000127705], [-118.18935099993283, 33.83453199972371], [-118.18997299972376, 33.83625700023433], [-118.19018600015907, 33.836829000050386], [-118.19034299961962, 33.837256999783094], [-118.19103499973075, 33.839124999996066], [-118.19122300005174, 33.83964599986552], [-118.19159799997044, 33.840651999693975], [-118.19164099962815, 33.84076700008745], [-118.19177600024567, 33.84113799988682], [-118.19217399973061, 33.84222800025028], [-118.19232000021881, 33.842629999972935], [-118.19246699963355, 33.84303100025459], [-118.19257700013675, 33.84332800022517], [-118.1926380002361, 33.843495999691115], [-118.19273600014539, 33.843761999662185], [-118.19426500013263, 33.84325100035954], [-118.19483900024296, 33.84304799963516], [-118.19492299990856, 33.84301800002381], [-118.19592899983904, 33.84266500017481], [-118.19695099966307, 33.84230500029159], [-118.19795999996659, 33.841949000333265], [-118.19809999970867, 33.841899999636034], [-118.19932099972432, 33.8414900002688], [-118.20020000033152, 33.84116899996806], [-118.20062999960352, 33.84103000016575], [-118.20098100013112, 33.840907999943525], [-118.20183700027377, 33.8405419997242], [-118.20198500041178, 33.84048399985951], [-118.20224900000242, 33.84038199971897], [-118.20235699995746, 33.840346000254705], [-118.20251299959305, 33.840293000103976], [-118.20303900002286, 33.84011400002765], [-118.2033240004282, 33.840013999838405], [-118.20367400023255, 33.83989000000839], [-118.20396999961027, 33.83978600025286], [-118.20409199980901, 33.83974199968683], [-118.20421499983266, 33.83969899967136], [-118.2045200003295, 33.83959200019846], [-118.20499900000526, 33.83946600009646], [-118.20543199965034, 33.83937599969667], [-118.20607500025596, 33.83916099997463], [-118.20632600032614, 33.83907699975234], [-118.20708700003424, 33.83881900031216], [-118.20713399988992, 33.83880299992791], [-118.20717400007287, 33.838789999800056], [-118.20740599987649, 33.8387109998988], [-118.20754200031892, 33.838664999847104], [-118.20798199963666, 33.83681300003975], [-118.20864100013581, 33.8341169998712], [-118.20875199956559, 33.83347300033444]]]}, "properties": {"GEOID": "06037571800", "renters": 1708, "pop": 7000, "renter_occ": 1708, "households": 2715, "pct_burden": 35.9, "pct_severe": 7.5, "pct_senior_burden": 90.2, "pct_low_income_burden": 72.6, "pct_white": null, "pct_black": null, "pct_asian": null, "pct_latino": null}}, {"type": "Feature", "geometry": {"type": "Polygon", "coordinates": [[[-118.18935099993283, 33.83453199972371], [-118.18935199975775, 33.834038000127705], [-118.18878400039347, 33.83344300034664], [-118.18793200044878, 33.83253899990512], [-118.18719099993386, 33.83175299995143], [-118.18645500034009, 33.83175200003136], [-118.18500099979762, 33.831750000191235], [-118.18499999997272, 33.83079400036025], [-118.18499800032288, 33.82893399977885], [-118.1850049999956, 33.82762799967391], [-118.18501000001847, 33.82670500007877], [-118.18374600034514, 33.82670300012058], [-118.18266400024663, 33.826702000141445], [-118.18156399970653, 33.82670700003692], [-118.1806559996853, 33.826706000057825], [-118.17955699986841, 33.82670500007877], [-118.17848200034094, 33.82670400009965], [-118.17757400031974, 33.826702000141445], [-118.17739299967148, 33.826702000141445], [-118.17696599987421, 33.826708000016005], [-118.17630300007538, 33.826708000016005], [-118.17627799996103, 33.826701000162345], [-118.17563100005574, 33.82670000018318], [-118.17521900032709, 33.82669900020406], [-118.1750929999304, 33.82669900020406], [-118.17454800013236, 33.82669800022487], [-118.17412999965761, 33.82669800022487], [-118.17331500042116, 33.82669700024574], [-118.17303800041172, 33.826696000266516], [-118.17196299998595, 33.826702000141445], [-118.17087300038988, 33.82669400030812], [-118.16978999956817, 33.82669200034967], [-118.16869999997209, 33.82669800022487], [-118.16823100034203, 33.826695000287295], [-118.16757199984288, 33.826695000287295], [-118.16755000010156, 33.826695000287295], [-118.16736000013078, 33.82669400030812], [-118.16736000013078, 33.827691999859375], [-118.16736099995568, 33.827780999909365], [-118.16578299956467, 33.82777700004328], [-118.16578299956467, 33.82780399988204], [-118.16533200037627, 33.82780299991583], [-118.16463000021938, 33.82780199994955], [-118.16430999965392, 33.82780199994955], [-118.16430999965392, 33.82788999991984], [-118.16430899982903, 33.82800099971924], [-118.16430899982903, 33.828406999781585], [-118.16430899982903, 33.82887500029185], [-118.16430700017919, 33.82953500002507], [-118.16430700017919, 33.83020100026231], [-118.16430700017919, 33.83194200030123], [-118.16430700017919, 33.83226699984268], [-118.16430600035429, 33.83241700024747], [-118.16445000029434, 33.83241700024747], [-118.16761399967567, 33.83242700011591], [-118.16869699959904, 33.83242800002803], [-118.1719520001153, 33.832433000334845], [-118.17416499981772, 33.83242899994019], [-118.17629899987743, 33.832431999676515], [-118.17629700022762, 33.83335500012281], [-118.17630100042557, 33.83409400010453], [-118.17630899992317, 33.83580900028288], [-118.17629499967946, 33.8390269998118], [-118.17630100042557, 33.83990399979362], [-118.17629899987743, 33.84149999982181], [-118.17790400003263, 33.84063199964216], [-118.1797479996641, 33.83965200032386], [-118.18167000001172, 33.83862500030109], [-118.18294399973081, 33.837940999794604], [-118.18346799961246, 33.837661000207326], [-118.18400400008797, 33.8373749998311], [-118.18500099979762, 33.83684799963944], [-118.18614800019341, 33.836236000032606], [-118.18644799976909, 33.83607199994942], [-118.18725500040625, 33.83564400025201], [-118.18775300034864, 33.8353810000147], [-118.1879280002508, 33.835289000032816], [-118.18867100041557, 33.83488700010219], [-118.18878900041634, 33.83482800024657], [-118.18935099993283, 33.83453199972371]]]}, "properties": {"GEOID": "06037571900", "renters": 221, "pop": 3058, "renter_occ": 254, "households": 1432, "pct_burden": 19.9, "pct_severe": 0, "pct_senior_burden": 0, "pct_low_income_burden": 0, "pct_white": null, "pct_black": null, "pct_asian": null, "pct_latino": null}}, {"type": "Feature", "geometry": {"type": "Polygon", "coordinates": [[[-118.18501400021641, 33.824212000200845], [-118.18501800041439, 33.82214800006997], [-118.18501000001847, 33.82212099993769], [-118.18501300039152, 33.82007699972836], [-118.18501500004133, 33.818910000347735], [-118.18480099978107, 33.81890800020723], [-118.18445199980164, 33.81890600006667], [-118.18445400034976, 33.81872699998482], [-118.18445500017468, 33.81862199978325], [-118.18429600016601, 33.81864399990725], [-118.18392600027015, 33.81864399990725], [-118.18353600028283, 33.81864199976052], [-118.18337399990114, 33.81864199976052], [-118.18283599977578, 33.81864099968711], [-118.18228799960471, 33.81863900028666], [-118.18175100020257, 33.81863800021321], [-118.18121499972705, 33.818637000139816], [-118.18066699955597, 33.81863600006634], [-118.1804659997145, 33.818634999992916], [-118.18011699973505, 33.81863399991943], [-118.17958700000564, 33.81863199977247], [-118.17902799996389, 33.81863199977247], [-118.17849099966347, 33.818630999699], [-118.1779509998883, 33.81862900029825], [-118.1774029997172, 33.81862700015117], [-118.1768610002922, 33.81862500000405], [-118.17631700031909, 33.818622999856885], [-118.17577800036884, 33.818622999856885], [-118.17526100015988, 33.818622999856885], [-118.17526799983257, 33.81871599993418], [-118.17527299985547, 33.81878899997217], [-118.17527299985547, 33.818910000347735], [-118.17523400039572, 33.818910000347735], [-118.17414399990133, 33.81891600002269], [-118.17409600022074, 33.81891600002269], [-118.17409299984769, 33.818794999655616], [-118.17409899969549, 33.81870800010006], [-118.17410299989344, 33.81864700012728], [-118.17410399971835, 33.818634999992916], [-118.17404500016711, 33.81863600006634], [-118.17390500042505, 33.81863600006634], [-118.17376499978464, 33.818634999992916], [-118.17362500004255, 33.818634999992916], [-118.17359999992819, 33.818634999992916], [-118.17357599963876, 33.818634999992916], [-118.17343699972156, 33.818634999992916], [-118.17329399960644, 33.818634999992916], [-118.17315499968927, 33.818634999992916], [-118.17306299962775, 33.818634999992916], [-118.17295899987066, 33.81863399991943], [-118.17274799998351, 33.81863399991943], [-118.17253700009628, 33.81863399991943], [-118.17251100015704, 33.81863399991943], [-118.17248799969249, 33.81863399991943], [-118.17227799963021, 33.81863299984599], [-118.17206799956791, 33.81863299984599], [-118.17197300003167, 33.81863299984599], [-118.17197300003167, 33.818657000113525], [-118.17197100038187, 33.81880599969604], [-118.17197100038187, 33.81892000030327], [-118.17088799956016, 33.81891800016301], [-118.16980499963677, 33.818922999767295], [-118.16871500004069, 33.818920999627096], [-118.16763200011732, 33.81892000030327], [-118.16764200016307, 33.81973299971725], [-118.16756199979713, 33.820149000041546], [-118.16739500029087, 33.82015200020878], [-118.16735699975773, 33.82015300026446], [-118.16735699975773, 33.820053999916134], [-118.16491700027457, 33.8200529998593], [-118.16478900022804, 33.82005099974552], [-118.16464299973987, 33.820047000264104], [-118.16456300027224, 33.820316000234016], [-118.16448799992915, 33.82058600015481], [-118.1644190003322, 33.82085700001691], [-118.16435900005774, 33.82110999971349], [-118.1643010003314, 33.821383000236715], [-118.16428000041503, 33.82149699964775], [-118.16424799972965, 33.82165699992653], [-118.16420500007195, 33.821912000311855], [-118.1641599998661, 33.82220599968943], [-118.16412399988107, 33.82248199978451], [-118.16409399974386, 33.8227579997351], [-118.16407000035272, 33.823035000309424], [-118.16405199991107, 33.82331199998651], [-118.16403900039059, 33.82358900025884], [-118.16403400036772, 33.823850000182105], [-118.16403099999467, 33.824062000325384], [-118.16403199981958, 33.825161999769016], [-118.16403600001756, 33.82721899972442], [-118.16403699984245, 33.827595999936364], [-118.1641799999576, 33.827685000086284], [-118.16430999965392, 33.827685000086284], [-118.16430999965392, 33.827718999724986], [-118.16431100037717, 33.827747000295254], [-118.16430999965392, 33.827757999930505], [-118.16430999965392, 33.82777700004328], [-118.16430999965392, 33.82780199994955], [-118.16463000021938, 33.82780199994955], [-118.16533200037627, 33.82780299991583], [-118.16578299956467, 33.82780399988204], [-118.16578299956467, 33.82777700004328], [-118.16736099995568, 33.827780999909365], [-118.16736000013078, 33.827691999859375], [-118.16736000013078, 33.82669400030812], [-118.16755000010156, 33.826695000287295], [-118.16757199984288, 33.826695000287295], [-118.16823100034203, 33.826695000287295], [-118.16869999997209, 33.82669800022487], [-118.16978999956817, 33.82669200034967], [-118.17087300038988, 33.82669400030812], [-118.17196299998595, 33.826702000141445], [-118.17303800041172, 33.826696000266516], [-118.17331500042116, 33.82669700024574], [-118.17412999965761, 33.82669800022487], [-118.17454800013236, 33.82669800022487], [-118.1750929999304, 33.82669900020406], [-118.17521900032709, 33.82669900020406], [-118.17563100005574, 33.82670000018318], [-118.17627799996103, 33.826701000162345], [-118.17630300007538, 33.826708000016005], [-118.17696599987421, 33.826708000016005], [-118.17739299967148, 33.826702000141445], [-118.17757400031974, 33.826702000141445], [-118.17848200034094, 33.82670400009965], [-118.17955699986841, 33.82670500007877], [-118.1806559996853, 33.826706000057825], [-118.18156399970653, 33.82670700003692], [-118.18266400024663, 33.826702000141445], [-118.18374600034514, 33.82670300012058], [-118.18501000001847, 33.82670500007877], [-118.18501400021641, 33.824212000200845]]]}, "properties": {"GEOID": "06037572001", "renters": 215, "pop": 5423, "renter_occ": 233, "households": 1759, "pct_burden": 46.0, "pct_severe": 13.9, "pct_senior_burden": 100.0, "pct_low_income_burden": 0, "pct_white": null, "pct_black": null, "pct_asian": null, "pct_latino": null}}, {"type": "Feature", "geometry": {"type": "Polygon", "coordinates": [[[-118.20887399976434, 33.88129200010784], [-118.20886999956636, 33.880826999874536], [-118.20886999956636, 33.880783999660814], [-118.2088360001295, 33.880783999660814], [-118.20866500042527, 33.880781000130725], [-118.20860000012794, 33.88078000003871], [-118.20853300018081, 33.88077899994673], [-118.2085340000057, 33.87985500017548], [-118.2085340000057, 33.8797170000434], [-118.20853300018081, 33.87868999995625], [-118.20853200035589, 33.87840499984342], [-118.20853200035589, 33.87832399979468], [-118.20853200035589, 33.87826799972524], [-118.20853099963264, 33.87734999966046], [-118.20853099963264, 33.87689400006658], [-118.20853099963264, 33.876756000366754], [-118.20852999980772, 33.87605600003042], [-118.20852999980772, 33.87592200031706], [-118.20852999980772, 33.87524599989098], [-118.20852899998283, 33.87510899992219], [-118.20852700033299, 33.874929000298536], [-118.20852499978486, 33.874795999723595], [-118.20848200012715, 33.874795999723595], [-118.20843699992133, 33.874795999723595], [-118.20823699990476, 33.8747969998857], [-118.20818699967604, 33.87479800004784], [-118.20813499979752, 33.87479900020991], [-118.2081339999726, 33.8747850001771], [-118.2081339999726, 33.87462600033565], [-118.2081339999726, 33.87442200017568], [-118.20801699979674, 33.87442700026222], [-118.20801900034488, 33.8747850001771], [-118.20802199981961, 33.874822000205604], [-118.20803100004045, 33.87493200003433], [-118.20795900007043, 33.87493200003433], [-118.20768799990877, 33.87493400035538], [-118.20763699985517, 33.87493400035538], [-118.20758699962643, 33.87493499977001], [-118.20724900041596, 33.87493700009098], [-118.20715800017936, 33.87493599993048], [-118.20715700035444, 33.87471700030459], [-118.2071549998063, 33.874393999984015], [-118.2071549998063, 33.8742689999221], [-118.20560699955251, 33.87428599979812], [-118.20549799977256, 33.874286999966195], [-118.20541300028205, 33.8742880001343], [-118.20510699996032, 33.87428199987146], [-118.20472700001874, 33.87427400001761], [-118.20274199992194, 33.87427600035408], [-118.20053500006728, 33.874280999703316], [-118.20053800044033, 33.874676000322424], [-118.20054199973997, 33.875150999854355], [-118.20054900031096, 33.87599600011801], [-118.20054699976284, 33.876852999638594], [-118.20055400033385, 33.877697000075706], [-118.20055299961062, 33.87851500027455], [-118.20056000018162, 33.87932600007309], [-118.20057400042533, 33.880137000367505], [-118.20056500020452, 33.880526000160714], [-118.2005719998772, 33.88090199998732], [-118.20058799977073, 33.88123200014796], [-118.2005569998086, 33.881319000187915], [-118.2005569998086, 33.88139600003782], [-118.2015850003787, 33.88139000027479], [-118.20367500005749, 33.88138000017156], [-118.20420099958893, 33.88137300032239], [-118.20485000004238, 33.8813219996991], [-118.20520599969451, 33.88132000027356], [-118.20544599989402, 33.881319000187915], [-118.20690000043648, 33.881312999673675], [-118.20713700026295, 33.881312000333686], [-118.20717200042306, 33.881312000333686], [-118.20719900018723, 33.881312000333686], [-118.20807899972101, 33.881305999818956], [-118.20867299992287, 33.88129699979186], [-118.20874099969492, 33.88129300019385], [-118.20887399976434, 33.88129200010784]]]}, "properties": {"GEOID": "06037570403", "renters": 1353, "pop": 5566, "renter_occ": 1353, "households": 1713, "pct_burden": 61.6, "pct_severe": 40.6, "pct_senior_burden": 73.5, "pct_low_income_burden": 69.8, "pct_white": null, "pct_black": null, "pct_asian": null, "pct_latino": null}}, {"type": "Feature", "geometry": {"type": "Polygon", "coordinates": [[[-118.14246500034007, 33.839885000137805], [-118.14246500034007, 33.839618000208226], [-118.14190499957508, 33.83961400014985], [-118.14135200027944, 33.83961000009128], [-118.14030199996802, 33.83960799968885], [-118.1392509998317, 33.839600000317105], [-118.13819899987044, 33.83959799991443], [-118.13714000023653, 33.83959600025788], [-118.13605700031313, 33.83958800013885], [-118.13496699981876, 33.83958599973591], [-118.13382100014617, 33.839584999907466], [-118.13273099965181, 33.83957599995894], [-118.13219199970153, 33.83957500013037], [-118.13157699958327, 33.83957400030186], [-118.13051799994936, 33.83957199989858], [-118.12945099991951, 33.839570000241416], [-118.12838399988965, 33.83956200011996], [-118.12779100041102, 33.83956100029124], [-118.12731699985979, 33.83956100029124], [-118.12624999982991, 33.83955899988766], [-118.12548999994672, 33.83955800005896], [-118.12511199965496, 33.83955599965531], [-118.1249109998135, 33.83955499982651], [-118.12490400014082, 33.84135399966567], [-118.12489099972203, 33.84301700023551], [-118.12488400004933, 33.84490000011255], [-118.12487499982849, 33.84632300031302], [-118.1249240002323, 33.84705399990741], [-118.12507499984504, 33.8470549996484], [-118.12573900036709, 33.8470569998765], [-118.12669900026681, 33.847059999845484], [-118.12721099955456, 33.84706100033256], [-118.12810400040547, 33.84706400030141], [-118.12898200028945, 33.8470670002702], [-118.12986799967102, 33.84707000023884], [-118.13073700023247, 33.847073000207374], [-118.13158199960617, 33.84707600017585], [-118.13163400038302, 33.84707600017585], [-118.1320190003475, 33.8470769999166], [-118.13202099999731, 33.846716999970226], [-118.13220599994521, 33.846716999970226], [-118.133786999811, 33.846722999932034], [-118.133786999811, 33.846699999827486], [-118.13493400020678, 33.84670200006389], [-118.13602499962778, 33.84670400030025], [-118.13711599994707, 33.846713999989134], [-118.13817299993117, 33.846719000206235], [-118.13921800021976, 33.846713999989134], [-118.14026900035607, 33.84671499973416], [-118.14126500024082, 33.846722999932034], [-118.14226399960026, 33.84672099969611], [-118.14243000017994, 33.8467250001679], [-118.14243000017994, 33.846693999864065], [-118.14243199982978, 33.84619800018788], [-118.14243699985265, 33.84483200031341], [-118.14245100009636, 33.84307400008563], [-118.14244600007349, 33.842726999964285], [-118.14244600007349, 33.84133200016222], [-118.14246500034007, 33.839885000137805]]]}, "properties": {"GEOID": "06037571202", "renters": 651, "pop": 6254, "renter_occ": 685, "households": 2320, "pct_burden": 68.4, "pct_severe": 45.8, "pct_senior_burden": 75.8, "pct_low_income_burden": 51.1, "pct_white": null, "pct_black": null, "pct_asian": null, "pct_latino": null}}, {"type": "Feature", "geometry": {"type": "Polygon", "coordinates": [[[-118.18525600006576, 33.86731799997113], [-118.18500699964541, 33.865503999816134], [-118.18498499990412, 33.8636910001986], [-118.18499400012493, 33.86366500005572], [-118.18497999988122, 33.86188399976903], [-118.18399200039241, 33.86188300020159], [-118.18301200040118, 33.86188699996325], [-118.18201599961813, 33.8618930003514], [-118.18102700030438, 33.86189899999314], [-118.1800790001002, 33.86190400006731], [-118.1791550001855, 33.86190900014115], [-118.17823700011854, 33.861914000214675], [-118.1772889999144, 33.86191299990158], [-118.17630100042557, 33.86191900028792], [-118.1753599998941, 33.861924000360865], [-118.17537300031289, 33.86282800023513], [-118.17537999998558, 33.863737999748174], [-118.17537900016067, 33.86418600020329], [-118.17538500000848, 33.86554499972851], [-118.17539000003131, 33.86718699997364], [-118.17539800042726, 33.86736499976181], [-118.17633800023549, 33.8673600000075], [-118.17731800022672, 33.8673540000036], [-118.17825899985986, 33.86734900024859], [-118.17919299982033, 33.867343999747476], [-118.18010900023745, 33.86733899999192], [-118.18106499993922, 33.867332999986495], [-118.18205400015127, 33.86732699998068], [-118.18525600006576, 33.86731799997113]]]}, "properties": {"GEOID": "06037570503", "renters": 345, "pop": 3385, "renter_occ": 345, "households": 1200, "pct_burden": 45.2, "pct_severe": 41.7, "pct_senior_burden": 100.0, "pct_low_income_burden": 15.5, "pct_white": null, "pct_black": null, "pct_asian": null, "pct_latino": null}}, {"type": "Feature", "geometry": {"type": "Polygon", "coordinates": [[[-118.1940750001618, 33.86369900029833], [-118.19446500014915, 33.86304199977308], [-118.19388099999306, 33.86279800011067], [-118.19258499963435, 33.86227499982722], [-118.19241099955708, 33.862201999629896], [-118.19224599970065, 33.86211000018129], [-118.19173299968966, 33.861805999903765], [-118.19146300025122, 33.86169399968574], [-118.18986700031687, 33.861698000202274], [-118.18841899962219, 33.86171000025874], [-118.18599300038274, 33.861719999682855], [-118.18599300038274, 33.86187800012624], [-118.18497999988122, 33.86188399976903], [-118.18499400012493, 33.86366500005572], [-118.18498499990412, 33.8636910001986], [-118.18500699964541, 33.865503999816134], [-118.18525600006576, 33.86731799997113], [-118.18547500034889, 33.86731600021751], [-118.18553899992297, 33.86731600021751], [-118.18559199962642, 33.86731300021407], [-118.18564299968003, 33.86731499996775], [-118.18574200031257, 33.867332999986495], [-118.18583500019899, 33.86736499976181], [-118.1859280000854, 33.86741200027255], [-118.18602099997183, 33.86743699977188], [-118.18611700023128, 33.867451000264026], [-118.18651800008928, 33.86745199976633], [-118.18671200025803, 33.867451000264026], [-118.1868069997943, 33.86743999977097], [-118.18704299979585, 33.86738299977001], [-118.18720600000243, 33.867351000001435], [-118.18737199968379, 33.86733599998924], [-118.18903600028854, 33.867322999727904], [-118.19023499966458, 33.867304000203035], [-118.19049999997844, 33.86730799971079], [-118.19089699963847, 33.86733199973693], [-118.19122499970152, 33.8673670002602], [-118.1915190003277, 33.86740999977522], [-118.19180899985761, 33.86746500000802], [-118.19226999999009, 33.866707000337556], [-118.19272100007679, 33.86595500000692], [-118.1931739998133, 33.86519100020013], [-118.19364900018947, 33.86439300031719], [-118.19405400024543, 33.863721000009306], [-118.1940750001618, 33.86369900029833]]]}, "properties": {"GEOID": "06037570306", "renters": 865, "pop": 6184, "renter_occ": 1096, "households": 1984, "pct_burden": 64.0, "pct_severe": 31.3, "pct_senior_burden": 86.7, "pct_low_income_burden": 100, "pct_white": null, "pct_black": null, "pct_asian": null, "pct_latino": null}}, {"type": "Feature", "geometry": {"type": "Polygon", "coordinates": [[[-118.19607500032724, 33.86381999975748], [-118.19572200014981, 33.863648999849076], [-118.19446500014915, 33.86304199977308], [-118.1940750001618, 33.86369900029833], [-118.19405400024543, 33.863721000009306], [-118.19364900018947, 33.86439300031719], [-118.1931739998133, 33.86519100020013], [-118.19272100007679, 33.86595500000692], [-118.19226999999009, 33.866707000337556], [-118.19180899985761, 33.86746500000802], [-118.1915190003277, 33.86740999977522], [-118.19122499970152, 33.8673670002602], [-118.19089699963847, 33.86733199973693], [-118.19049999997844, 33.86730799971079], [-118.19023499966458, 33.867304000203035], [-118.18903600028854, 33.867322999727904], [-118.18737199968379, 33.86733599998924], [-118.18720600000243, 33.867351000001435], [-118.18704299979585, 33.86738299977001], [-118.1868069997943, 33.86743999977097], [-118.18671200025803, 33.867451000264026], [-118.18651800008928, 33.86745199976633], [-118.18611700023128, 33.867451000264026], [-118.18602099997183, 33.86743699977188], [-118.1859280000854, 33.86741200027255], [-118.18583500019899, 33.86736499976181], [-118.18574200031257, 33.867332999986495], [-118.18564299968003, 33.86731499996775], [-118.18559199962642, 33.86731300021407], [-118.18553899992297, 33.86731600021751], [-118.18547500034889, 33.86731600021751], [-118.18525600006576, 33.86731799997113], [-118.1853699998686, 33.86812300030297], [-118.18547600017378, 33.86887500018373], [-118.18555399999161, 33.86942899983744], [-118.18561099989297, 33.869832000059716], [-118.18566899961932, 33.870240000202884], [-118.18572700024393, 33.87064900009847], [-118.18578300032044, 33.871044999831476], [-118.18578800034331, 33.87107799991278], [-118.1858019996887, 33.871174999671055], [-118.1860200001469, 33.87274700019967], [-118.18602299962164, 33.87276700019066], [-118.18606000032987, 33.87303800016638], [-118.18609899978962, 33.873307999847874], [-118.1861540000412, 33.8736899997117], [-118.18614499982039, 33.874382999639856], [-118.1860960003149, 33.87574100001956], [-118.18607299985035, 33.87647099976141], [-118.18606600017768, 33.876695000060764], [-118.18606500035276, 33.87672599991606], [-118.18606399962954, 33.87681599974484], [-118.18605899960664, 33.87694699988123], [-118.18605600013191, 33.87702600021926], [-118.18604899956091, 33.87725699999506], [-118.186019000322, 33.878200999766996], [-118.18599300038274, 33.87893200020759], [-118.18600099988032, 33.879290999978814], [-118.18602799964451, 33.87959299968032], [-118.1860689996524, 33.87986599981432], [-118.18612599955381, 33.880137000367505], [-118.18617499995763, 33.88032500022629], [-118.1862589996232, 33.880591999690814], [-118.18635900008061, 33.88085500019286], [-118.18647399970835, 33.88111200010162], [-118.1866050001279, 33.88136599972685], [-118.18666600022726, 33.88147399990208], [-118.18676099976351, 33.88164299973633], [-118.1868710002667, 33.881816000301036], [-118.18700900035896, 33.88200799975409], [-118.18713499985735, 33.88216399978393], [-118.18715900014678, 33.882193999814376], [-118.18719799960654, 33.88223900021307], [-118.18727899979739, 33.88235100032348], [-118.18736900020907, 33.8824549997084], [-118.18747700016411, 33.88256999974835], [-118.18757500007341, 33.88265900005549], [-118.18760699986044, 33.88268799984224], [-118.18766499958679, 33.882484999636524], [-118.18780199985412, 33.88213800004736], [-118.1878920002658, 33.88145699996642], [-118.18834300035252, 33.881452999630135], [-118.18836799956856, 33.881324999955936], [-118.18846200017819, 33.88083800013387], [-118.18844200008671, 33.88065599972884], [-118.1885409998209, 33.88038099969162], [-118.18903499956534, 33.877659999802], [-118.18908099959607, 33.87763300005577], [-118.18909400001486, 33.877521999849215], [-118.18911199955824, 33.87737899975997], [-118.18911499993129, 33.87735400018915], [-118.18914099987053, 33.87715099997214], [-118.18914699971832, 33.877110999802674], [-118.18920000032008, 33.87708299974745], [-118.18925300002351, 33.87683699966634], [-118.18928200033585, 33.876708999780256], [-118.18928900000854, 33.87668000019896], [-118.18929599968122, 33.87665400028299], [-118.18930599972695, 33.87661200034473], [-118.18931199957476, 33.8765890000856], [-118.18931800032085, 33.87656699996168], [-118.18932400016864, 33.876541000011365], [-118.18936400035159, 33.87638100031463], [-118.18937000019939, 33.876357999993246], [-118.1893919999407, 33.876272000260826], [-118.18940899965912, 33.8762029999359], [-118.18984399985231, 33.87448100028304], [-118.18987300016464, 33.874366999950354], [-118.1902079999004, 33.874365999783215], [-118.19026999982466, 33.874147000186355], [-118.1903779997797, 33.873706999703025], [-118.1904410004272, 33.873448999690154], [-118.19052099989484, 33.87320700029906], [-118.19072500010932, 33.8725859999148], [-118.19078200001076, 33.87244799996173], [-118.19096799978358, 33.872008999864676], [-118.19123200027255, 33.871498000239825], [-118.19174600010845, 33.87078299988605], [-118.19540900015535, 33.8648730002826], [-118.19607500032724, 33.86381999975748]]]}, "properties": {"GEOID": "06037570305", "renters": 637, "pop": 3865, "renter_occ": 685, "households": 1061, "pct_burden": 47.7, "pct_severe": 27.6, "pct_senior_burden": 68.2, "pct_low_income_burden": 34.8, "pct_white": null, "pct_black": null, "pct_asian": null, "pct_latino": null}}, {"type": "Feature", "geometry": {"type": "Polygon", "coordinates": [[[-118.18614499982039, 33.874382999639856], [-118.1861540000412, 33.8736899997117], [-118.18609899978962, 33.873307999847874], [-118.18606000032987, 33.87303800016638], [-118.18602299962164, 33.87276700019066], [-118.1860200001469, 33.87274700019967], [-118.1858019996887, 33.871174999671055], [-118.18578800034331, 33.87107799991278], [-118.18578300032044, 33.871044999831476], [-118.18572700024393, 33.87064900009847], [-118.18566899961932, 33.870240000202884], [-118.18561099989297, 33.869832000059716], [-118.18555399999161, 33.86942899983744], [-118.18547600017378, 33.86887500018373], [-118.1853699998686, 33.86812300030297], [-118.18525600006576, 33.86731799997113], [-118.18205400015127, 33.86732699998068], [-118.18106499993922, 33.867332999986495], [-118.18010900023745, 33.86733899999192], [-118.17919299982033, 33.867343999747476], [-118.17825899985986, 33.86734900024859], [-118.17731800022672, 33.8673540000036], [-118.17633800023549, 33.8673600000075], [-118.17539800042726, 33.86736499976181], [-118.17515900005264, 33.867366000011], [-118.17446399956849, 33.867364000258554], [-118.17350000036907, 33.86736900001263], [-118.17297800013725, 33.86737500001549], [-118.17298499980998, 33.86827900035465], [-118.17298999983282, 33.86918199984358], [-118.17299599968061, 33.87009900028068], [-118.17300300025161, 33.87099600016188], [-118.1730090000994, 33.87190599987851], [-118.17301599977212, 33.87280899978366], [-118.17302699964277, 33.87462299984326], [-118.17409500039585, 33.87461799976821], [-118.17514700035709, 33.87461299969292], [-118.17619799959508, 33.87461399985716], [-118.17736799955712, 33.8746030002872], [-118.1783020004159, 33.874603999705705], [-118.17922600033062, 33.87459800021098], [-118.18014299967432, 33.874585999728545], [-118.18110900032018, 33.874588000057635], [-118.18171600004248, 33.874588000057635], [-118.18209699980899, 33.87458199981594], [-118.18279999979077, 33.87458299998054], [-118.1838910001101, 33.87457100024185], [-118.18411000039319, 33.87457100024185], [-118.1843089996865, 33.87456299966925], [-118.1845410003884, 33.87453699985419], [-118.18473600038207, 33.87450099986774], [-118.18513300004213, 33.87442100000919], [-118.18530399974632, 33.87440199982661], [-118.18550999961066, 33.87439000006246], [-118.18568700006098, 33.8743889998956], [-118.18614499982039, 33.874382999639856]]]}, "properties": {"GEOID": "06037570504", "renters": 185, "pop": 5598, "renter_occ": 222, "households": 1831, "pct_burden": 63.2, "pct_severe": 23.2, "pct_senior_burden": 0, "pct_low_income_burden": 12.9, "pct_white": null, "pct_black": null, "pct_asian": null, "pct_latino": null}}, {"type": "Feature", "geometry": {"type": "Polygon", "coordinates": [[[-118.22144299994596, 33.81191300033447], [-118.22144299994596, 33.81166500033131], [-118.22129300015811, 33.81164799993457], [-118.21977699969139, 33.8116469997794], [-118.21866299980586, 33.81164600037065], [-118.21767500031703, 33.81164500021544], [-118.21544599982276, 33.81164299990506], [-118.21545099984566, 33.81398399982559], [-118.21545000002074, 33.815277000107464], [-118.21544900019582, 33.8156920003533], [-118.2154480003709, 33.816139999739896], [-118.21544699964768, 33.817097000058865], [-118.21545300039378, 33.818666000025594], [-118.21545300039378, 33.81891700009288], [-118.21545199967055, 33.8193130000927], [-118.21545099984566, 33.820010999699015], [-118.21544900019582, 33.82131300030042], [-118.21544900019582, 33.82136999969844], [-118.21543999997499, 33.821956999642396], [-118.21774800011198, 33.82195300025017], [-118.21935200044226, 33.821955000319456], [-118.21945600019934, 33.821952000215475], [-118.21983699996585, 33.821200999984704], [-118.21987100030105, 33.821134000032224], [-118.22006899976944, 33.82072999986348], [-118.22034699960378, 33.82019500035501], [-118.22087499968339, 33.81913300004867], [-118.22098799966129, 33.81890399992607], [-118.22113999999725, 33.81855700019809], [-118.22123100023384, 33.818303999666], [-118.22129300015811, 33.81807500030899], [-118.22134599986155, 33.81781800025812], [-118.22139500026537, 33.817516000030395], [-118.22142000037972, 33.81729800029069], [-118.22143899974799, 33.81368499988963], [-118.22144100029614, 33.81248400016373], [-118.22144299994596, 33.81191300033447]]]}, "properties": {"GEOID": "06037572500", "renters": 843, "pop": 6677, "renter_occ": 853, "households": 2223, "pct_burden": 34.9, "pct_severe": 13.9, "pct_senior_burden": 83.9, "pct_low_income_burden": 100, "pct_white": null, "pct_black": null, "pct_asian": null, "pct_latino": null}}, {"type": "Feature", "geometry": {"type": "Polygon", "coordinates": [[[-118.18344400022131, 33.76319999991564], [-118.18385299957693, 33.762955999843136], [-118.1834359998254, 33.76310700000664], [-118.18336100038066, 33.763153000359665], [-118.18331299980176, 33.763099000202494], [-118.18319399997607, 33.76315700025937], [-118.18325400025051, 33.763229999888836], [-118.1831400004477, 33.763277000149365], [-118.18086800029573, 33.76066999974097], [-118.18079399977758, 33.76065699968922], [-118.1806819996246, 33.76077400008409], [-118.18151100000307, 33.76181200032796], [-118.18057600021768, 33.76252199966252], [-118.17881700007669, 33.76314899971307], [-118.17829099964692, 33.763270000334664], [-118.17762200000031, 33.763208999684664], [-118.17634599973309, 33.763270000334664], [-118.17595200044612, 33.76430800022241], [-118.17556999995638, 33.765431000367165], [-118.17536200044223, 33.766531999913155], [-118.175148000182, 33.767607000015744], [-118.17503500020408, 33.76821999988865], [-118.17491499965517, 33.768825999749225], [-118.17670800013136, 33.76906599991404], [-118.1785009997092, 33.76930600015342], [-118.18028400013962, 33.7695330002684], [-118.18189599996752, 33.76973899968446], [-118.18207800044073, 33.76913899973752], [-118.18223699955105, 33.76863100014712], [-118.18226800041153, 33.768539000069744], [-118.18226300038866, 33.76850599997731], [-118.18231199989414, 33.76834800021866], [-118.18239599955972, 33.76808400002856], [-118.18257800003292, 33.76748399969455], [-118.18259999977423, 33.76741099995472], [-118.18276999965353, 33.766865000194514], [-118.18291600014173, 33.766390999928774], [-118.18299999980731, 33.766120000101886], [-118.18323499998394, 33.76614999979975], [-118.18338200029706, 33.765511999879784], [-118.18342699960458, 33.765316000254586], [-118.18344599987117, 33.76525099976556], [-118.18347600000837, 33.765176999665776], [-118.18364400023786, 33.76460300029436], [-118.18348100003125, 33.7645819996798], [-118.18340300021345, 33.764582999638016], [-118.18332100019768, 33.764592999966766], [-118.18329199988536, 33.764624000156964], [-118.18326299957305, 33.764717999870086], [-118.18322199956515, 33.76496400006139], [-118.18315899981596, 33.76527899986736], [-118.18315600034124, 33.76532199995258], [-118.1831270000289, 33.76535699967605], [-118.1831119999603, 33.765379000049634], [-118.18304900021111, 33.765384999743226], [-118.18293000038544, 33.76537700015171], [-118.18255299991857, 33.76533400009408], [-118.18251199991067, 33.76533200019506], [-118.18248900034446, 33.765316000254586], [-118.18247400027586, 33.76527899986736], [-118.18250199986494, 33.76501300002432], [-118.18255000044381, 33.76457300005496], [-118.18256499961413, 33.76442999991457], [-118.18268199978998, 33.76435899973536], [-118.18274899973714, 33.764305000338], [-118.18283999997372, 33.76423100016817], [-118.18334600031203, 33.763954999657486], [-118.18348400040429, 33.76385200015375], [-118.18349600009988, 33.76381999971721], [-118.18349500027496, 33.763739000098994], [-118.18346099993974, 33.763669000063025], [-118.1834130002592, 33.76361500023096], [-118.18344400022131, 33.76319999991564]]]}, "properties": {"GEOID": "06037576601", "renters": 838, "pop": 4452, "renter_occ": 900, "households": 1321, "pct_burden": 62.2, "pct_severe": 27.9, "pct_senior_burden": 86.5, "pct_low_income_burden": 100, "pct_white": null, "pct_black": null, "pct_asian": null, "pct_latino": null}}, {"type": "Feature", "geometry": {"type": "Polygon", "coordinates": [[[-118.13396900028418, 33.796260000362324], [-118.13399299967531, 33.79604999992427], [-118.13303000030085, 33.79604200021026], [-118.13265000035925, 33.79604200021026], [-118.13216199956429, 33.79603399974895], [-118.13129299990118, 33.796038999944024], [-118.13042400023804, 33.79603100022897], [-118.12955499967657, 33.79602900030004], [-118.12868600001343, 33.796027999962355], [-118.12782300019805, 33.79602700037113], [-118.12694799978885, 33.79602499969564], [-118.12531199967151, 33.79602200017535], [-118.12530499999882, 33.7990299996554], [-118.125303000349, 33.79975500026412], [-118.12529400012816, 33.800044999982426], [-118.12529300030326, 33.80031599997389], [-118.12529199958003, 33.800770999740394], [-118.12529099975511, 33.80141000007955], [-118.12528099970937, 33.80220900020564], [-118.1252820004326, 33.802494000002106], [-118.1252830002575, 33.80264100034331], [-118.12528400008242, 33.80276199967302], [-118.12528400008242, 33.80286000036806], [-118.12528499990734, 33.8030149998901], [-118.12528599973224, 33.803277000143865], [-118.12527999988446, 33.804010999819894], [-118.1252780002346, 33.80426500031817], [-118.1252780002346, 33.80431299995146], [-118.12527499986157, 33.80465500029158], [-118.12527400003668, 33.80502499981], [-118.12527099966363, 33.80607299976096], [-118.12526900001379, 33.80675900035927], [-118.12526399999092, 33.808856999814395], [-118.12525700031824, 33.80926699968791], [-118.12526200034111, 33.809997000279324], [-118.1252609996179, 33.810140999901755], [-118.1252609996179, 33.81024499989301], [-118.1252609996179, 33.81038099997788], [-118.12525999979297, 33.810532000131666], [-118.1259519999041, 33.81053300029982], [-118.12638299989932, 33.81053300029982], [-118.1292750001924, 33.810545000078086], [-118.12964400026334, 33.8105460002461], [-118.12979099967812, 33.8105460002461], [-118.12990100018129, 33.81054699966774], [-118.13003400025069, 33.81054699966774], [-118.13045199982712, 33.81055299992929], [-118.13129000042642, 33.810555000265175], [-118.132111000409, 33.81055599968666], [-118.13294900010997, 33.810558000022525], [-118.13395099984253, 33.81055900019039], [-118.13395099984253, 33.810371999940486], [-118.13395400021555, 33.80921399967648], [-118.1339650000862, 33.80795400014398], [-118.13397699978177, 33.80670099996876], [-118.13397599995687, 33.805968999923515], [-118.13397599995687, 33.80516399992785], [-118.13397400030705, 33.804379999643395], [-118.13397500013198, 33.80394399983904], [-118.13397500013198, 33.803924999656665], [-118.13397599995687, 33.803292000205325], [-118.13397599995687, 33.80323900022516], [-118.13397699978177, 33.80316900037006], [-118.13396799956095, 33.80315000001561], [-118.13396599991111, 33.80293400001116], [-118.1339650000862, 33.80279800003276], [-118.1339650000862, 33.80276199967302], [-118.1339630004364, 33.80247399998191], [-118.13396400026132, 33.802361000115674], [-118.13396599991111, 33.80125999978013], [-118.13397000010909, 33.80025099991641], [-118.13397099993401, 33.799684000250245], [-118.13397099993401, 33.79945299972409], [-118.13397000010909, 33.79793000008108], [-118.13397000010909, 33.79774499974121], [-118.13397000010909, 33.797002000122895], [-118.13396900028418, 33.796260000362324]]]}, "properties": {"GEOID": "06037574201", "renters": 1292, "pop": 4163, "renter_occ": 1405, "households": 2238, "pct_burden": 49.4, "pct_severe": 12.2, "pct_senior_burden": 92.0, "pct_low_income_burden": 38.5, "pct_white": null, "pct_black": null, "pct_asian": null, "pct_latino": null}}, {"type": "Feature", "geometry": {"type": "Polygon", "coordinates": [[[-118.15140800028469, 33.79613799971553], [-118.1514109997594, 33.796084000193716], [-118.150480000172, 33.796082999856615], [-118.1482830003631, 33.79608000033836], [-118.1482909998607, 33.79972700023414], [-118.14818100025586, 33.79971999966532], [-118.14720899976223, 33.79971799982265], [-118.14616699984673, 33.79970999970494], [-118.14528999978766, 33.799707999861965], [-118.14524999960472, 33.799707999861965], [-118.14436500004803, 33.79970100003814], [-118.144333000261, 33.79970100003814], [-118.14341000017116, 33.79969900019503], [-118.14337099981311, 33.79969900019503], [-118.14274900002219, 33.79969799990016], [-118.14268299989995, 33.79969799990016], [-118.1426660001815, 33.79969799990016], [-118.1426179996026, 33.79969799990016], [-118.14199499998678, 33.7996970003518], [-118.14105500017853, 33.799689000232114], [-118.14103199971399, 33.799689000232114], [-118.14104400030786, 33.79691300014601], [-118.14104799960752, 33.796055000118486], [-118.1402020004089, 33.79606000031234], [-118.1389219999437, 33.79605199985271], [-118.13618199998659, 33.79605100026177], [-118.13501600022255, 33.79605100026177], [-118.13423399969973, 33.79604999992427], [-118.1341829996461, 33.79608899963934], [-118.13396900028418, 33.796260000362324], [-118.13397000010909, 33.797002000122895], [-118.13397000010909, 33.79774499974121], [-118.13397000010909, 33.79793000008108], [-118.13397099993401, 33.79945299972409], [-118.13397099993401, 33.799684000250245], [-118.13397000010909, 33.80025099991641], [-118.13396599991111, 33.80125999978013], [-118.13396400026132, 33.802361000115674], [-118.1339630004364, 33.80247399998191], [-118.1339650000862, 33.80276199967302], [-118.13502500044336, 33.80276799973399], [-118.1353069995774, 33.80277800008361], [-118.13569900011284, 33.80279199997389], [-118.13613599995587, 33.80283900017524], [-118.13660299993609, 33.80291599986179], [-118.13696399961111, 33.8029990002703], [-118.13734799975067, 33.80312299985825], [-118.1378850000511, 33.803324000078916], [-118.13824599972612, 33.80348299976302], [-118.13862800021587, 33.80368399988454], [-118.1390330002718, 33.80390499997085], [-118.13934200006828, 33.80408499996059], [-118.14023300037107, 33.804591000035046], [-118.14128699998214, 33.8051330002272], [-118.14154499972497, 33.80526099988166], [-118.14185100004671, 33.80539600019617], [-118.1420950004442, 33.805491999659914], [-118.14234399996622, 33.805578999967295], [-118.14246299979192, 33.80561700033974], [-118.14252200024147, 33.805634999920976], [-118.1425969996862, 33.805653999723674], [-118.1426589996105, 33.80566499996111], [-118.14273700032665, 33.80568000035042], [-118.14304000027532, 33.80573600023806], [-118.14341600001896, 33.80580600023265], [-118.14406100027442, 33.80589600014157], [-118.14444299986584, 33.80595300010955], [-118.14471599967732, 33.80599599992935], [-118.1448329998532, 33.80601100026064], [-118.14603600032548, 33.80618799964214], [-118.15134800001022, 33.807006000192104], [-118.15134800001022, 33.80661299984174], [-118.15134700018532, 33.80578500001634], [-118.1513460003604, 33.804426999719055], [-118.151361000429, 33.80404199992695], [-118.15135600040614, 33.8014460002616], [-118.15135600040614, 33.80128499997271], [-118.15135499968291, 33.80104199967247], [-118.15135499968291, 33.80096700035282], [-118.151353999858, 33.800680999666746], [-118.15135499968291, 33.80061099995875], [-118.15135899988087, 33.80017099995018], [-118.15136399990377, 33.79959300023052], [-118.15136399990377, 33.7995270000736], [-118.15136700027679, 33.799235999792906], [-118.15137200029967, 33.79866400007968], [-118.1513749997744, 33.79831600005955], [-118.15138599964506, 33.79711900015304], [-118.15138599964506, 33.797103000177515], [-118.15139700041404, 33.79630400016126], [-118.15140800028469, 33.79613799971553]]]}, "properties": {"GEOID": "06037574202", "renters": 1418, "pop": 3760, "renter_occ": 1584, "households": 1942, "pct_burden": 53.7, "pct_severe": 20.1, "pct_senior_burden": 74.6, "pct_low_income_burden": 100, "pct_white": null, "pct_black": null, "pct_asian": null, "pct_latino": null}}, {"type": "Feature", "geometry": {"type": "Polygon", "coordinates": [[[-118.12530499999882, 33.7990299996554], [-118.12531199967151, 33.79602200017535], [-118.12207299994711, 33.79600999985355], [-118.12193800022789, 33.79600999985355], [-118.12145000033125, 33.79600900026211], [-118.1212079995836, 33.79600599999478], [-118.12096699955919, 33.79600200013578], [-118.12073399993066, 33.79600200013578], [-118.1205020001271, 33.79600099979772], [-118.11962400024314, 33.795998999868154], [-118.1187639999025, 33.79599800027658], [-118.11791000030796, 33.79599600034695], [-118.11705699964006, 33.79598799988134], [-118.11707199970867, 33.79319200001026], [-118.11707400025679, 33.79246000013488], [-118.11707599990662, 33.791734000061105], [-118.11707799955646, 33.79100900019983], [-118.11619299999978, 33.79100700015358], [-118.11619800002265, 33.78873199983467], [-118.11529800039737, 33.78872999973529], [-118.11439000037618, 33.7887279996358], [-118.11348999985259, 33.78872099966071], [-118.11258100000647, 33.78871900030761], [-118.11170399994741, 33.78871700020793], [-118.11083600010919, 33.78871599978474], [-118.10996700044606, 33.78871399968499], [-118.10909799988458, 33.788706000031986], [-118.10796899993048, 33.788703999932], [-118.10794700018916, 33.79080699977611], [-118.10794499964102, 33.791525999752736], [-118.10794299999121, 33.792252000097214], [-118.10794100034137, 33.79301699987908], [-118.10793200012056, 33.79351800009835], [-118.10793100029564, 33.793755999781744], [-118.1079289997475, 33.79451400006015], [-118.10791799987685, 33.79543699988651], [-118.10791799987685, 33.796454999774475], [-118.10791899970177, 33.796715000041615], [-118.10791899970177, 33.796820999837756], [-118.10822599984841, 33.797062999852315], [-118.10933600043428, 33.79786499970461], [-118.11006799983008, 33.79840100032377], [-118.11069800001694, 33.798870000351556], [-118.1113159996099, 33.79934500034999], [-118.11193800029916, 33.799801000346754], [-118.11209200028493, 33.799920000121325], [-118.11219199984404, 33.799999000030866], [-118.11337600004978, 33.80088700030938], [-118.1138849998628, 33.80125900025], [-118.11421700012383, 33.801486000031424], [-118.11466800021054, 33.80174900001178], [-118.11466800021054, 33.801850999959754], [-118.11466800021054, 33.801966000289596], [-118.11466800021054, 33.80199600012303], [-118.11466900003543, 33.802857000340815], [-118.11466900003543, 33.80306199996904], [-118.11466900003543, 33.80323799997174], [-118.11460600028624, 33.80323799997174], [-118.11459500041559, 33.804445000297065], [-118.11459100021762, 33.80593600007072], [-118.11458000034696, 33.80722800011637], [-118.11458000034696, 33.807380000068605], [-118.11458000034696, 33.80742400012223], [-118.11458000034696, 33.80757199966157], [-118.11457799979883, 33.80799299965958], [-118.11457699997393, 33.80841500001832], [-118.11456600010327, 33.80927999982654], [-118.11456399955514, 33.81001099973489], [-118.11456399955514, 33.81025600028656], [-118.11456299973023, 33.810499999968116], [-118.1175029997039, 33.81050500006443], [-118.11857800012967, 33.81051299991933], [-118.1187999998875, 33.81051299991933], [-118.11983299958219, 33.810515000256196], [-118.1206710001815, 33.81051699984656], [-118.12154700041565, 33.810518000014895], [-118.12237699972071, 33.81052000035165], [-118.12315199967253, 33.810528000205146], [-118.12359500026164, 33.810528999626996], [-118.12457400042793, 33.81052999979525], [-118.12525999979297, 33.810532000131666], [-118.1252609996179, 33.81038099997788], [-118.1252609996179, 33.81024499989301], [-118.1252609996179, 33.810140999901755], [-118.12526200034111, 33.809997000279324], [-118.12525700031824, 33.80926699968791], [-118.12526399999092, 33.808856999814395], [-118.12526900001379, 33.80675900035927], [-118.12527099966363, 33.80607299976096], [-118.12527400003668, 33.80502499981], [-118.12527499986157, 33.80465500029158], [-118.1252780002346, 33.80431299995146], [-118.1252780002346, 33.80426500031817], [-118.12527999988446, 33.804010999819894], [-118.12528599973224, 33.803277000143865], [-118.12528499990734, 33.8030149998901], [-118.12528400008242, 33.80286000036806], [-118.12528400008242, 33.80276199967302], [-118.1252830002575, 33.80264100034331], [-118.1252820004326, 33.802494000002106], [-118.12528099970937, 33.80220900020564], [-118.12529099975511, 33.80141000007955], [-118.12529199958003, 33.800770999740394], [-118.12529300030326, 33.80031599997389], [-118.12529400012816, 33.800044999982426], [-118.125303000349, 33.79975500026412], [-118.12530499999882, 33.7990299996554]]]}, "properties": {"GEOID": "06037574300", "renters": 1358, "pop": 4426, "renter_occ": 1416, "households": 1889, "pct_burden": 43.2, "pct_severe": 22.7, "pct_senior_burden": 40.3, "pct_low_income_burden": 27.7, "pct_white": null, "pct_black": null, "pct_asian": null, "pct_latino": null}}, {"type": "Feature", "geometry": {"type": "Polygon", "coordinates": [[[-118.10900300034837, 33.8191209999825], [-118.10927199996189, 33.81881999994902], [-118.10783400021126, 33.818816999735056], [-118.10732799987295, 33.81881599966375], [-118.10710199991715, 33.81881599966375], [-118.10687699978627, 33.81881500033872], [-118.1052030000341, 33.818817999806406], [-118.10393900036074, 33.81881599966375], [-118.10268099963685, 33.81881999994902], [-118.10018599990212, 33.81881599966375], [-118.09913399994089, 33.81881400026733], [-118.09807500030696, 33.818817999806406], [-118.09723699970762, 33.81881599966375], [-118.09639900000663, 33.818821000020336], [-118.09554700006191, 33.81881999994902], [-118.09470000014011, 33.818817999806406], [-118.09271000002045, 33.818821000020336], [-118.09138299969958, 33.818821000020336], [-118.09163399976973, 33.82039600002302], [-118.09166700028003, 33.820653999840125], [-118.09164700018852, 33.820670999939615], [-118.091699999892, 33.820818999696975], [-118.0916799998005, 33.82087400007604], [-118.09171300031079, 33.82094499967177], [-118.09176600001425, 33.821247999775196], [-118.09184600038017, 33.821961999815336], [-118.09192500002288, 33.82241300003082], [-118.0919119996041, 33.822468000131025], [-118.09194500011436, 33.8225399999238], [-118.09210999997079, 33.8235840001811], [-118.09214299958276, 33.82383099994292], [-118.09212300038958, 33.823848000157135], [-118.09215600000157, 33.823914000210316], [-118.09215600000157, 33.82404000010263], [-118.09232099985802, 33.825030000045615], [-118.09230099976652, 33.825041000030346], [-118.09264499972309, 33.82718999975406], [-118.09266399998967, 33.82742100001701], [-118.09287599970177, 33.8287569997031], [-118.09286400000622, 33.828771999774325], [-118.09305399997702, 33.82991099978383], [-118.09318600022151, 33.83095600026435], [-118.09322200020651, 33.831177999965995], [-118.09323999974985, 33.83129099982465], [-118.09330900024514, 33.83171200023495], [-118.09331799956767, 33.831769000163035], [-118.0933050000472, 33.83180800001342], [-118.09333799965914, 33.83187900023103], [-118.0933560001008, 33.83199900007596], [-118.09352599998013, 33.832014000324506], [-118.09419899982466, 33.832072999883906], [-118.09454899962905, 33.83210300035246], [-118.09679999986463, 33.83230199981142], [-118.0968480004435, 33.83230600021202], [-118.0969239997132, 33.832311999693246], [-118.09698399998764, 33.83231600009338], [-118.09704000006415, 33.83231999974716], [-118.09707900042218, 33.83232300023354], [-118.09712000043008, 33.83232500006026], [-118.09716800011066, 33.832327999800285], [-118.0972080002936, 33.832330000373105], [-118.09724000008069, 33.83233200019966], [-118.09728000026364, 33.83233400002617], [-118.09730399965477, 33.83233499993939], [-118.09733600034015, 33.83233699976589], [-118.09738400002071, 33.83233799967907], [-118.09743199970129, 33.83234000025165], [-118.09747199988426, 33.83234200007798], [-118.09751999956484, 33.832342999991155], [-118.09758499986216, 33.83234399990427], [-118.09763300044106, 33.83234499981741], [-118.09769700001517, 33.83234599973049], [-118.09779400009955, 33.832346999643626], [-118.09858400011996, 33.832350000129026], [-118.09886199995431, 33.832350000129026], [-118.09891100035813, 33.83220200018244], [-118.0990949995828, 33.83164999991657], [-118.09940900030051, 33.830666000108366], [-118.0995449998446, 33.8302899999391], [-118.09962500021055, 33.8301119997466], [-118.09967600026418, 33.83000899997321], [-118.09976900015059, 33.82982999999938], [-118.0999320003572, 33.82955499968872], [-118.10007899977201, 33.82933600009477], [-118.10023600013083, 33.82912199969409], [-118.10036900020022, 33.82896000004581], [-118.10076699968516, 33.8285050002025], [-118.10153599978919, 33.82762899964222], [-118.10236799964241, 33.82669400030812], [-118.10280399966052, 33.82619400028343], [-118.103232000181, 33.82571300014506], [-118.10331099982372, 33.82562100020593], [-118.10381799998692, 33.82505500000888], [-118.10405599963826, 33.82478500001894], [-118.1043100000815, 33.82449499982634], [-118.10529300044576, 33.82337599967116], [-118.10537600028644, 33.823281000145386], [-118.10564099970199, 33.822980999850266], [-118.10597499961283, 33.82259900005082], [-118.10604599975794, 33.822520000111794], [-118.10653000035492, 33.82197999968913], [-118.10782099979247, 33.820445999666525], [-118.10801099976327, 33.82023300020593], [-118.10850500040598, 33.81968000021953], [-118.10900300034837, 33.8191209999825]]]}, "properties": {"GEOID": "06037573800", "renters": 1133, "pop": 4814, "renter_occ": 1144, "households": 1332, "pct_burden": 54.8, "pct_severe": 33.7, "pct_senior_burden": 100.0, "pct_low_income_burden": 100, "pct_white": null, "pct_black": null, "pct_asian": null, "pct_latino": null}}, {"type": "Feature", "geometry": {"type": "Polygon", "coordinates": [[[-118.08154599997745, 33.81764900024233], [-118.08159000035837, 33.813495000101156], [-118.0815409999546, 33.81040199981252], [-118.0815409999546, 33.809849999886055], [-118.08153400028189, 33.80918999974498], [-118.08153199973376, 33.80908899977298], [-118.08152199968802, 33.80638799991122], [-118.08152500006108, 33.806144999918835], [-118.08126700031819, 33.80640600007672], [-118.0811540003403, 33.806520000041694], [-118.08077900042157, 33.806896999688924], [-118.07901899955736, 33.80865000025325], [-118.07846100023885, 33.80920599970007], [-118.07839699976643, 33.80927400022212], [-118.07836499997937, 33.80930600009788], [-118.07835099973566, 33.80931900023053], [-118.07832700034453, 33.80934400030796], [-118.07831099955271, 33.80936000023418], [-118.07827600029091, 33.809394999875906], [-118.07816599978774, 33.80950500036258], [-118.07813099962765, 33.80953899976515], [-118.07808600032011, 33.80958399963423], [-118.07807000042658, 33.80960099969469], [-118.07801599999992, 33.80965400021279], [-118.07796199957326, 33.80970699995166], [-118.07787999955747, 33.80978900031386], [-118.07785000031856, 33.809818999643916], [-118.0777969997168, 33.809873000202906], [-118.07755400004255, 33.81011499988417], [-118.07746100015612, 33.81020800025508], [-118.07742799964585, 33.810240999953066], [-118.0772899995536, 33.810382000147804], [-118.07727299983516, 33.81040000021947], [-118.07722799962932, 33.81044599980488], [-118.07720300041328, 33.810471999721855], [-118.07714899998659, 33.8105249997004], [-118.07692300003079, 33.81075299969831], [-118.0768669999543, 33.810807999832726], [-118.07533600031725, 33.81234200030085], [-118.07526799964685, 33.81241099996932], [-118.07517599958537, 33.812502999938324], [-118.07499999985825, 33.81267899992784], [-118.07478599959803, 33.81289399982232], [-118.07458800012962, 33.8130929999513], [-118.07446799958072, 33.81321300003786], [-118.07437499969429, 33.81330300036554], [-118.07396600033869, 33.81371500009264], [-118.07283300018659, 33.81485600012797], [-118.07236500038145, 33.81508900035318], [-118.07223099958884, 33.81515499970262], [-118.0719259999903, 33.815306999752146], [-118.0719119997466, 33.81531399979212], [-118.07183899995168, 33.815351000207066], [-118.07181399983732, 33.81536300005581], [-118.0717269997987, 33.81540699973561], [-118.07165599965356, 33.81544199988883], [-118.0711019996347, 33.81571700006104], [-118.07049300026256, 33.81602100013167], [-118.07000899966557, 33.816262000232555], [-118.06982899974054, 33.81635200033762], [-118.06964600034075, 33.81644299970075], [-118.06955400027923, 33.816488999768474], [-118.06952599979181, 33.81650299965437], [-118.06941500036206, 33.816630000113946], [-118.06929700036126, 33.816762000115574], [-118.06916900031476, 33.8169050001984], [-118.06909599962151, 33.81698500019262], [-118.06894300035894, 33.81715600020928], [-118.06881600013733, 33.81729700020156], [-118.0687700001066, 33.81734900034119], [-118.06875800041104, 33.817361999998006], [-118.0685879996334, 33.81755699983721], [-118.06882399963494, 33.81756200026735], [-118.06912099973587, 33.81761099998964], [-118.06914300037549, 33.81761099998964], [-118.06939000024771, 33.81761200007504], [-118.0718060003397, 33.81762400035293], [-118.07329900034192, 33.817626999862384], [-118.07477200025264, 33.81762300026768], [-118.07482499995608, 33.81762300026768], [-118.07634100042283, 33.817625999777114], [-118.07807100025148, 33.817636999967945], [-118.08130400012814, 33.81764800015732], [-118.08139700001453, 33.81764800015732], [-118.08154599997745, 33.81764900024233]]]}, "properties": {"GEOID": "06037573902", "renters": 1216, "pop": 2805, "renter_occ": 1287, "households": 1441, "pct_burden": 61.6, "pct_severe": 30.9, "pct_senior_burden": 78.4, "pct_low_income_burden": 100, "pct_white": null, "pct_black": null, "pct_asian": null, "pct_latino": null}}, {"type": "Feature", "geometry": {"type": "Polygon", "coordinates": [[[-118.11394099993927, 33.81369499970967], [-118.11373800044802, 33.81356999963598], [-118.11359000031001, 33.813478000068095], [-118.11338299972248, 33.81335000001802], [-118.11302399969726, 33.81312800030494], [-118.1136020000056, 33.81247599974675], [-118.1136020000056, 33.81242399963021], [-118.11375799964121, 33.8104979996309], [-118.11288899997807, 33.81049700020872], [-118.11207399984328, 33.810494999871494], [-118.1117659998717, 33.810494999871494], [-118.11123600014227, 33.810493999702835], [-118.11077099981186, 33.810493000280566], [-118.10883500011889, 33.81048199991749], [-118.1078719998461, 33.81048099974868], [-118.10496399965949, 33.81047500022847], [-118.10486999994815, 33.81047500022847], [-118.10443499975499, 33.810474000059635], [-118.10439600029524, 33.810474000059635], [-118.10358899965804, 33.810471999721855], [-118.10356600009183, 33.810471999721855], [-118.10351800041126, 33.810471999721855], [-118.10275099995707, 33.81046500003203], [-118.10272800039083, 33.81046500003203], [-118.10191400008095, 33.81046299969405], [-118.10188200029393, 33.81046299969405], [-118.10105299991544, 33.810461000102435], [-118.10023100010797, 33.81045999993337], [-118.09917300029893, 33.81045800034168], [-118.0981149995916, 33.81044900031244], [-118.09726900039298, 33.8104469999741], [-118.09642300029606, 33.81044599980488], [-118.09557800002408, 33.810444000212854], [-118.09473199992716, 33.81044199987438], [-118.09389400022616, 33.810440999705094], [-118.09304999977907, 33.81043900011297], [-118.09216400039747, 33.810436999774375], [-118.0913910000955, 33.810436000351444], [-118.09089999982581, 33.81043199967408], [-118.09091900009238, 33.810792000177294], [-118.09089999982581, 33.810807999832726], [-118.09093300033611, 33.81106700037041], [-118.09096599994805, 33.81187999978867], [-118.09095300042758, 33.8118970001393], [-118.09107899992595, 33.814314999704024], [-118.09106499968227, 33.814328999945786], [-118.09109800019253, 33.8145359999471], [-118.09114500004821, 33.815496999994], [-118.09112499995672, 33.815650999652505], [-118.09121100017043, 33.81688800009669], [-118.09120500032265, 33.81732799997285], [-118.09123799993462, 33.817503999737355], [-118.09122500041416, 33.81769599974588], [-118.0912580000261, 33.81776799982457], [-118.09130400005687, 33.81832900010293], [-118.09138299969958, 33.818821000020336], [-118.09271000002045, 33.818821000020336], [-118.09470000014011, 33.818817999806406], [-118.09554700006191, 33.81881999994902], [-118.09639900000663, 33.818821000020336], [-118.09723699970762, 33.81881599966375], [-118.09807500030696, 33.818817999806406], [-118.09913399994089, 33.81881400026733], [-118.10018599990212, 33.81881599966375], [-118.10268099963685, 33.81881999994902], [-118.10393900036074, 33.81881599966375], [-118.1052030000341, 33.818817999806406], [-118.10687699978627, 33.81881500033872], [-118.10710199991715, 33.81881599966375], [-118.10732799987295, 33.81881599966375], [-118.10783400021126, 33.818816999735056], [-118.10927199996189, 33.81881999994902], [-118.1100960003175, 33.817857999837614], [-118.11027700006746, 33.8176539999208], [-118.11137900025743, 33.816410000156154], [-118.11221199993552, 33.815466999669574], [-118.11280899961211, 33.8147909999199], [-118.11308300014682, 33.81447999984833], [-118.11320699999536, 33.814349000180464], [-118.11344399982183, 33.8141160001787], [-118.113694999892, 33.81389300008551], [-118.11373300042513, 33.81386299994493], [-118.11394099993927, 33.81369499970967]]]}, "properties": {"GEOID": "06037574000", "renters": 1741, "pop": 4997, "renter_occ": 1752, "households": 2102, "pct_burden": 54.7, "pct_severe": 28.7, "pct_senior_burden": 100.0, "pct_low_income_burden": 100, "pct_white": null, "pct_black": null, "pct_asian": null, "pct_latino": null}}, {"type": "Feature", "geometry": {"type": "Polygon", "coordinates": [[[-118.13393999997187, 33.81306499980733], [-118.13395099984253, 33.81055900019039], [-118.13294900010997, 33.810558000022525], [-118.132111000409, 33.81055599968666], [-118.13129000042642, 33.810555000265175], [-118.13045199982712, 33.81055299992929], [-118.13003400025069, 33.81054699966774], [-118.12990100018129, 33.81054699966774], [-118.12979099967812, 33.8105460002461], [-118.12964400026334, 33.8105460002461], [-118.1292750001924, 33.810545000078086], [-118.12638299989932, 33.81053300029982], [-118.1259519999041, 33.81053300029982], [-118.12525999979297, 33.810532000131666], [-118.12457400042793, 33.81052999979525], [-118.12359500026164, 33.810528999626996], [-118.12315199967253, 33.810528000205146], [-118.12237699972071, 33.81052000035165], [-118.12154700041565, 33.810518000014895], [-118.1206710001815, 33.81051699984656], [-118.11983299958219, 33.810515000256196], [-118.1187999998875, 33.81051299991933], [-118.11857800012967, 33.81051299991933], [-118.1175029997039, 33.81050500006443], [-118.11456299973023, 33.810499999968116], [-118.11428099969791, 33.810498999799506], [-118.11375799964121, 33.8104979996309], [-118.1136020000056, 33.81242399963021], [-118.1136020000056, 33.81247599974675], [-118.11302399969726, 33.81312800030494], [-118.11338299972248, 33.81335000001802], [-118.11359000031001, 33.813478000068095], [-118.11373800044802, 33.81356999963598], [-118.11394099993927, 33.81369499970967], [-118.11373300042513, 33.81386299994493], [-118.113694999892, 33.81389300008551], [-118.11344399982183, 33.8141160001787], [-118.11320699999536, 33.814349000180464], [-118.11308300014682, 33.81447999984833], [-118.11280899961211, 33.8147909999199], [-118.11221199993552, 33.815466999669574], [-118.11137900025743, 33.816410000156154], [-118.11027700006746, 33.8176539999208], [-118.1100960003175, 33.817857999837614], [-118.10927199996189, 33.81881999994902], [-118.10958699960615, 33.818821000020336], [-118.10961400026865, 33.818821000020336], [-118.1098169997599, 33.818821000020336], [-118.110441000099, 33.81881500033872], [-118.11126299990646, 33.818816999735056], [-118.11209999978254, 33.818817999806406], [-118.11294699970436, 33.81881300019599], [-118.11463700024838, 33.81880999998179], [-118.11651699986488, 33.81881300019599], [-118.1189100003907, 33.81880799983893], [-118.1199389998874, 33.81880599969604], [-118.12083199983996, 33.81880799983893], [-118.12334400019147, 33.81880500037089], [-118.12416699982384, 33.818806999767524], [-118.12521700013527, 33.81880799983893], [-118.1262670004467, 33.81880999998179], [-118.12707400018553, 33.818812000124574], [-118.12790400038892, 33.81880599969604], [-118.12922999998655, 33.81880799983893], [-118.12983400023415, 33.81880599969604], [-118.13041599984209, 33.81880400029944], [-118.13126199993901, 33.81880599969604], [-118.13208299992158, 33.818806999767524], [-118.13290499972905, 33.81880799983893], [-118.13390900000974, 33.81880999998179], [-118.13391700040563, 33.81806500025469], [-118.13391900005547, 33.81784099992536], [-118.13391999988039, 33.81737900000551], [-118.13392200042853, 33.8166860002978], [-118.13392699955305, 33.81600700016688], [-118.13392999992612, 33.81527499988201], [-118.13393999997187, 33.81306499980733]]]}, "properties": {"GEOID": "06037574100", "renters": 2293, "pop": 4601, "renter_occ": 2355, "households": 2834, "pct_burden": 58.0, "pct_severe": 23.9, "pct_senior_burden": 92.2, "pct_low_income_burden": 100, "pct_white": null, "pct_black": null, "pct_asian": null, "pct_latino": null}}, {"type": "Feature", "geometry": {"type": "Polygon", "coordinates": [[[-118.19913699960134, 33.8040210000242], [-118.19913900014946, 33.80256999973783], [-118.19913300030167, 33.8007559999835], [-118.19806700009673, 33.800754999701], [-118.19805000037829, 33.800754999701], [-118.19696900010473, 33.800754000165036], [-118.19587799978544, 33.800752999882505], [-118.19479700041018, 33.80075200034646], [-118.19370500026596, 33.80074999978142], [-118.1937139995885, 33.80071599987254], [-118.1937069999158, 33.799839999845716], [-118.1937079997407, 33.79933900004898], [-118.1937079997407, 33.79893699982586], [-118.19370299971783, 33.797117000249585], [-118.1925660002661, 33.79711500034603], [-118.19159499959738, 33.797121000056435], [-118.19054299963612, 33.79711900015304], [-118.18937500022226, 33.79711799982808], [-118.18937199984923, 33.79893800012956], [-118.18936199980347, 33.799849000244386], [-118.18934500008504, 33.799849000244386], [-118.18934300043523, 33.80075200034646], [-118.18934199971198, 33.801656999676275], [-118.18935900032872, 33.80172700002171], [-118.1893569997806, 33.80256600018557], [-118.18935599995568, 33.80346899998578], [-118.18935400030588, 33.804304000022235], [-118.18935400030588, 33.80438600033738], [-118.19002600032552, 33.804379999643395], [-118.19123599957219, 33.804382000123596], [-118.19163099958239, 33.804382000123596], [-118.19246699963355, 33.80438300036364], [-118.19254600017462, 33.80438300036364], [-118.1937079997407, 33.80438500009736], [-118.19479700041018, 33.80437900014971], [-118.19588899965608, 33.804379999643395], [-118.19696300025694, 33.80438099988347], [-118.19806899974654, 33.80438300036364], [-118.19913599977642, 33.80437799990955], [-118.19913699960134, 33.8040210000242]]]}, "properties": {"GEOID": "06037573101", "renters": 1787, "pop": 5107, "renter_occ": 1796, "households": 2168, "pct_burden": 59.9, "pct_severe": 19.2, "pct_senior_burden": 80.2, "pct_low_income_burden": 100, "pct_white": null, "pct_black": null, "pct_asian": null, "pct_latino": null}}, {"type": "Feature", "geometry": {"type": "Polygon", "coordinates": [[[-118.20538499979466, 33.79894199985136], [-118.20540400006124, 33.79721899974577], [-118.20465199967566, 33.79722799967354], [-118.20419499974118, 33.79712199963489], [-118.20405099980111, 33.79712199963489], [-118.20348400026178, 33.797121000056435], [-118.20240100033838, 33.79711999973151], [-118.20173799964125, 33.79711900015304], [-118.20131099984401, 33.79711900015304], [-118.20060000036463, 33.79712499986315], [-118.20022000042299, 33.79712400028473], [-118.19948599958076, 33.797122999959846], [-118.19923299986078, 33.797122999959846], [-118.19913900014946, 33.797122999959846], [-118.198938000308, 33.797122999959846], [-118.19807299994451, 33.79712199963489], [-118.19805600022607, 33.79712199963489], [-118.19698199962521, 33.797121000056435], [-118.1958839996332, 33.79711900015304], [-118.19479400003712, 33.79711799982808], [-118.19370299971783, 33.797117000249585], [-118.1937079997407, 33.79893699982586], [-118.1937079997407, 33.79933900004898], [-118.1937069999158, 33.799839999845716], [-118.1937139995885, 33.80071599987254], [-118.19370500026596, 33.80074999978142], [-118.19479700041018, 33.80075200034646], [-118.19587799978544, 33.800752999882505], [-118.19696900010473, 33.800754000165036], [-118.19805000037829, 33.800754999701], [-118.19806700009673, 33.800754999701], [-118.19913300030167, 33.8007559999835], [-118.19913900014946, 33.80256999973783], [-118.19913699960134, 33.8040210000242], [-118.19913599977642, 33.80437799990955], [-118.20021700004996, 33.80437900014971], [-118.20130800036925, 33.804379999643395], [-118.20238999956942, 33.804386999830996], [-118.20340999974361, 33.80439400001801], [-118.20424599979478, 33.804389000311026], [-118.20475899980578, 33.804389000311026], [-118.20532399969531, 33.80438800007104], [-118.20532799989326, 33.804040000185275], [-118.20534100031205, 33.802862000137374], [-118.20534999963455, 33.80210599967116], [-118.20535499965744, 33.80171199968587], [-118.20536499970318, 33.8007559999835], [-118.20538499979466, 33.79894199985136]]]}, "properties": {"GEOID": "06037573102", "renters": 952, "pop": 4335, "renter_occ": 996, "households": 1242, "pct_burden": 70.2, "pct_severe": 35.5, "pct_senior_burden": 93.7, "pct_low_income_burden": 100, "pct_white": null, "pct_black": null, "pct_asian": null, "pct_latino": null}}, {"type": "Feature", "geometry": {"type": "Polygon", "coordinates": [[[-118.21563999999154, 33.82535099976445], [-118.21557399986929, 33.82512899985728], [-118.21551000029518, 33.82491700012055], [-118.21547599995999, 33.824754999967396], [-118.2154480003709, 33.82456400013895], [-118.21542900010434, 33.82434499970109], [-118.21395199999566, 33.8243499997344], [-118.21370799959818, 33.82434499970109], [-118.2133779998853, 33.82432500031129], [-118.21307900013454, 33.82429600010566], [-118.21274199985066, 33.824249999759324], [-118.21261200015432, 33.82422800033118], [-118.21231800042645, 33.82416999984429], [-118.21196400042412, 33.82408499980595], [-118.21185800011892, 33.82405400024506], [-118.21161700009448, 33.82398500026727], [-118.21130599974985, 33.82387999980481], [-118.21109999988555, 33.82379900027685], [-118.21108499981695, 33.82292900014982], [-118.21108700036507, 33.82136600027876], [-118.2110890000149, 33.819644000246235], [-118.2110909996647, 33.81890600006667], [-118.2119200000432, 33.81890700013699], [-118.21220500044855, 33.81890700013699], [-118.21274299967557, 33.81890800020723], [-118.21328800037192, 33.81890800020723], [-118.21356500038137, 33.81890800020723], [-118.21436999957207, 33.81890900027751], [-118.21449599996878, 33.81890900027751], [-118.21545300039378, 33.81891700009288], [-118.21545300039378, 33.818666000025594], [-118.21544699964768, 33.817097000058865], [-118.2154480003709, 33.816139999739896], [-118.21544900019582, 33.8156920003533], [-118.21545000002074, 33.815277000107464], [-118.21545099984566, 33.81398399982559], [-118.21544599982276, 33.81164299990506], [-118.21443599969432, 33.81164799993457], [-118.21437299994513, 33.81164799993457], [-118.21387400017785, 33.81164799993457], [-118.21329000002176, 33.8116469997794], [-118.21219100020484, 33.81164600037065], [-118.21109400003776, 33.81164500021544], [-118.2110620002507, 33.811650999653594], [-118.21001100011439, 33.811650000244846], [-118.20892200034321, 33.811649000089695], [-118.20783900041984, 33.81164799993457], [-118.20729399972348, 33.81164100034102], [-118.20720900023298, 33.81170200008547], [-118.20708299983629, 33.81166900020462], [-118.20688899966753, 33.81163799987525], [-118.20599599971494, 33.81167999966873], [-118.20587000021656, 33.81167800010555], [-118.20574299999495, 33.811676999950734], [-118.20549199992477, 33.811674000232614], [-118.20544199969606, 33.812136000364546], [-118.20529399955807, 33.81350999986411], [-118.20531100017482, 33.81380700015196], [-118.20534299996187, 33.81435299992834], [-118.20539700038856, 33.81524400011303], [-118.20539700038856, 33.815277000107464], [-118.2054020004114, 33.81891700009288], [-118.2054280003507, 33.819004000182126], [-118.20545299956672, 33.81909200025107], [-118.20545599993977, 33.820744999850305], [-118.20545900031281, 33.822673999812], [-118.20545199974183, 33.825018000060645], [-118.20536999972605, 33.825818999838575], [-118.20536700025134, 33.82584000036073], [-118.20533799993899, 33.82606699984729], [-118.20547299965818, 33.82610200011557], [-118.2055560003972, 33.82612199983601], [-118.20560999992557, 33.82613499965178], [-118.205710000383, 33.82615900005275], [-118.2058230003609, 33.82618299970076], [-118.20661400020622, 33.826331000366096], [-118.20721099988282, 33.82640999976924], [-118.2072529997156, 33.82641599966424], [-118.20736800024162, 33.82642900018158], [-118.20759599984727, 33.82643999998633], [-118.20771100037331, 33.82644599987927], [-118.2078920001233, 33.82646200033785], [-118.20835099970759, 33.826486999882434], [-118.20886899974144, 33.82649799967972], [-118.20932999987392, 33.826492999772015], [-118.20979000018143, 33.82647600008372], [-118.21024700011593, 33.82644399991497], [-118.21053499999601, 33.826413999699284], [-118.21076199977674, 33.826387000167784], [-118.21130400010006, 33.82630799999711], [-118.21182799998168, 33.82621399998235], [-118.21224899993116, 33.826125999779585], [-118.21246700038938, 33.82607399975285], [-118.21441099957995, 33.82558899971724], [-118.214750000412, 33.825517000252916], [-118.21534799991349, 33.825396000270395], [-118.21563999999154, 33.82535099976445]]]}, "properties": {"GEOID": "06037577700", "renters": 950, "pop": 4200, "renter_occ": 995, "households": 1356, "pct_burden": 69.9, "pct_severe": 38.4, "pct_senior_burden": 38.5, "pct_low_income_burden": 100, "pct_white": null, "pct_black": null, "pct_asian": null, "pct_latino": null}}, {"type": "Feature", "geometry": {"type": "Polygon", "coordinates": [[[-118.14246500034007, 33.83480900020849], [-118.14246100014209, 33.834032999914825], [-118.14246100014209, 33.833365999782615], [-118.14245100009636, 33.832352999868185], [-118.14219699965312, 33.832350000129026], [-118.14096099956888, 33.8323480003029], [-118.14063400022904, 33.832346999643626], [-118.14052100025114, 33.832346999643626], [-118.13735399959846, 33.83233599985264], [-118.13722599955193, 33.83233499993939], [-118.13385399975813, 33.83232300023354], [-118.13276300033715, 33.832320999660546], [-118.13220099992235, 33.83231999974716], [-118.13217199961005, 33.83231999974716], [-118.13160800044375, 33.83231899983372], [-118.13054999973642, 33.832317999920335], [-118.12712100004121, 33.832311999693246], [-118.12600499960756, 33.83230600021202], [-118.12514500016523, 33.83227599981466], [-118.12498299978353, 33.832436999983095], [-118.12496199986714, 33.83410600030804], [-118.12493799957768, 33.83609200032219], [-118.12492500005722, 33.837231999657206], [-118.12492099985927, 33.83789000008733], [-118.1249109998135, 33.83955499982651], [-118.12511199965496, 33.83955599965531], [-118.12548999994672, 33.83955800005896], [-118.12624999982991, 33.83955899988766], [-118.12731699985979, 33.83956100029124], [-118.12779100041102, 33.83956100029124], [-118.12838399988965, 33.83956200011996], [-118.12945099991951, 33.839570000241416], [-118.13051799994936, 33.83957199989858], [-118.13157699958327, 33.83957400030186], [-118.13219199970153, 33.83957500013037], [-118.13273099965181, 33.83957599995894], [-118.13382100014617, 33.839584999907466], [-118.13496699981876, 33.83958599973591], [-118.13605700031313, 33.83958800013885], [-118.13714000023653, 33.83959600025788], [-118.13819899987044, 33.83959799991443], [-118.1392509998317, 33.839600000317105], [-118.14030199996802, 33.83960799968885], [-118.14135200027944, 33.83961000009128], [-118.14190499957508, 33.83961400014985], [-118.14246500034007, 33.839618000208226], [-118.14246500034007, 33.8388560002566], [-118.14246100014209, 33.83787099998376], [-118.14245600011922, 33.836149000314286], [-118.14245899959394, 33.835649000370715], [-118.14246500034007, 33.83480900020849]]]}, "properties": {"GEOID": "06037571201", "renters": 1033, "pop": 5971, "renter_occ": 1102, "households": 2292, "pct_burden": 36.1, "pct_severe": 21.1, "pct_senior_burden": 19.3, "pct_low_income_burden": 0, "pct_white": null, "pct_black": null, "pct_asian": null, "pct_latino": null}}, {"type": "Feature", "geometry": {"type": "Polygon", "coordinates": [[[-118.20544199969606, 33.812136000364546], [-118.20549199992477, 33.811674000232614], [-118.20508799969375, 33.81168099982352], [-118.20422099968044, 33.811644000060234], [-118.2034850000867, 33.81164299990506], [-118.20242700027765, 33.81164199974982], [-118.2023949995923, 33.811649000089695], [-118.2013040001713, 33.81164799993457], [-118.20022200007283, 33.8116469997794], [-118.19913099975355, 33.81164500021544], [-118.19807299994451, 33.811650000244846], [-118.1969669995566, 33.811649000089695], [-118.19587699996052, 33.81164799993457], [-118.19479400003712, 33.8116469997794], [-118.19370400044104, 33.81164500021544], [-118.19305499998765, 33.811649000089695], [-118.19229000008157, 33.811650999653594], [-118.19199800000352, 33.811650999653594], [-118.19170400027566, 33.811650000244846], [-118.19000100021117, 33.81164199974982], [-118.18940600018439, 33.81164000018575], [-118.18827600040535, 33.81164600037065], [-118.18719400030689, 33.811650999653594], [-118.1861029999876, 33.811650000244846], [-118.18501300039152, 33.811635000155775], [-118.1849070000863, 33.811635000155775], [-118.18480300032921, 33.811635000155775], [-118.18462199968096, 33.811635000155775], [-118.18457900002325, 33.811635000155775], [-118.18457499982527, 33.81460500008497], [-118.18457800019833, 33.81490600002475], [-118.18457900002325, 33.81508499989337], [-118.18457999984814, 33.81527399976923], [-118.18458099967306, 33.81533100020666], [-118.1845820003963, 33.81552299986854], [-118.1845820003963, 33.8161539996829], [-118.18458400004612, 33.8162929996326], [-118.18433499962578, 33.81624899966221], [-118.18421300032536, 33.81622999997332], [-118.18421099977719, 33.81705600003154], [-118.1843379999988, 33.81705600003154], [-118.18445799964942, 33.81705600003154], [-118.18446500022043, 33.81758600008913], [-118.18446199984737, 33.81785899992017], [-118.18458099967306, 33.81785899992017], [-118.18457999984814, 33.818619999636], [-118.18445500017468, 33.81862199978325], [-118.18445400034976, 33.81872699998482], [-118.18445199980164, 33.81890600006667], [-118.18480099978107, 33.81890800020723], [-118.18501500004133, 33.818910000347735], [-118.18609899978962, 33.81890499999641], [-118.18645399961689, 33.81890499999641], [-118.1871879995608, 33.81890600006667], [-118.18794699961907, 33.81890700013699], [-118.18827999970502, 33.81890700013699], [-118.18936099997856, 33.81890900027751], [-118.19020500042565, 33.818910000347735], [-118.19039600022138, 33.818910000347735], [-118.19084599958484, 33.81891099967166], [-118.1908919996156, 33.81891099967166], [-118.191068000241, 33.81891099967166], [-118.19123999977015, 33.81891099967166], [-118.19127599975518, 33.81891099967166], [-118.19143599958872, 33.81891099967166], [-118.1915679998332, 33.81891099967166], [-118.19188300037578, 33.81891199974191], [-118.19263999988594, 33.81891299981209], [-118.1937069999158, 33.81890700013699], [-118.19371799978646, 33.81893199965131], [-118.19372299980931, 33.818974999664675], [-118.19512999959781, 33.81897000006342], [-118.19544500014038, 33.81897400034149], [-118.19555700029339, 33.818974999664675], [-118.19592800001412, 33.818974999664675], [-118.19599199958823, 33.818974999664675], [-118.19806100024894, 33.81897100013298], [-118.19922799983792, 33.818972000202486], [-118.200501999557, 33.81897400034149], [-118.20021100020217, 33.81890700013699], [-118.20116000023127, 33.81890299985579], [-118.20239899979026, 33.818897000179916], [-118.20423300027431, 33.818899000320684], [-118.20427199973405, 33.818924999907445], [-118.20511000033338, 33.818897000179916], [-118.2054020004114, 33.81891700009288], [-118.20539700038856, 33.815277000107464], [-118.20539700038856, 33.81524400011303], [-118.20534299996187, 33.81435299992834], [-118.20531100017482, 33.81380700015196], [-118.20529399955807, 33.81350999986411], [-118.20544199969606, 33.812136000364546]]]}, "properties": {"GEOID": "06037572201", "renters": 157, "pop": 4155, "renter_occ": 157, "households": 1507, "pct_burden": 50.3, "pct_severe": 17.8, "pct_senior_burden": 100.0, "pct_low_income_burden": 100, "pct_white": null, "pct_black": null, "pct_asian": null, "pct_latino": null}}, {"type": "Feature", "geometry": {"type": "Polygon", "coordinates": [[[-118.20549199992477, 33.811674000232614], [-118.2054450000691, 33.80965599982327], [-118.2054450000691, 33.80964200030962], [-118.20532399969531, 33.80438800007104], [-118.20475899980578, 33.804389000311026], [-118.20424599979478, 33.804389000311026], [-118.20340999974361, 33.80439400001801], [-118.20238999956942, 33.804386999830996], [-118.20130800036925, 33.804379999643395], [-118.20021700004996, 33.80437900014971], [-118.19913599977642, 33.80437799990955], [-118.19806899974654, 33.80438300036364], [-118.19696300025694, 33.80438099988347], [-118.19588899965608, 33.804379999643395], [-118.19479700041018, 33.80437900014971], [-118.1937079997407, 33.80438500009736], [-118.19254600017462, 33.80438300036364], [-118.19246699963355, 33.80438300036364], [-118.19163099958239, 33.804382000123596], [-118.19123599957219, 33.804382000123596], [-118.19002600032552, 33.804379999643395], [-118.18935400030588, 33.80438600033738], [-118.18933699968912, 33.80438600033738], [-118.18920500034295, 33.80438500009736], [-118.18914199969545, 33.80438600033738], [-118.18834400017741, 33.80439800023129], [-118.1882169999558, 33.80440400017761], [-118.18773699955679, 33.80441600006895], [-118.18747299996615, 33.804422000014], [-118.18718199971299, 33.80442999969126], [-118.18609999961454, 33.804435000142306], [-118.18546000028026, 33.80442099977435], [-118.18501699969117, 33.8043999999646], [-118.18489100019276, 33.80439599975146], [-118.18481099982684, 33.80439400001801], [-118.1845820003963, 33.80433099980698], [-118.1845820003963, 33.804448000268636], [-118.18458099967306, 33.804893000359066], [-118.18457999984814, 33.805027999761236], [-118.18457999984814, 33.805165999643265], [-118.18457900002325, 33.8053040000492], [-118.18457800019833, 33.80543900029586], [-118.18457800019833, 33.80557799974117], [-118.18457700037341, 33.805709999628334], [-118.18457700037341, 33.80584399975789], [-118.18457599965016, 33.805981999816844], [-118.18457499982527, 33.80612099987297], [-118.18457999984814, 33.80618400025898], [-118.18458599969593, 33.80627300029878], [-118.18458499987103, 33.807099999672225], [-118.18458400004612, 33.80792800020822], [-118.18458099967306, 33.80800300014497], [-118.18457800019833, 33.80809499962925], [-118.18457200035054, 33.80891999967874], [-118.18457599965016, 33.809806000333595], [-118.18457999984814, 33.81076100027648], [-118.18457900002325, 33.811635000155775], [-118.18462199968096, 33.811635000155775], [-118.18480300032921, 33.811635000155775], [-118.1849070000863, 33.811635000155775], [-118.18501300039152, 33.811635000155775], [-118.1861029999876, 33.811650000244846], [-118.18719400030689, 33.811650999653594], [-118.18827600040535, 33.81164600037065], [-118.18940600018439, 33.81164000018575], [-118.19000100021117, 33.81164199974982], [-118.19170400027566, 33.811650000244846], [-118.19199800000352, 33.811650999653594], [-118.19229000008157, 33.811650999653594], [-118.19305499998765, 33.811649000089695], [-118.19370400044104, 33.81164500021544], [-118.19479400003712, 33.8116469997794], [-118.19587699996052, 33.81164799993457], [-118.1969669995566, 33.811649000089695], [-118.19807299994451, 33.811650000244846], [-118.19913099975355, 33.81164500021544], [-118.20022200007283, 33.8116469997794], [-118.2013040001713, 33.81164799993457], [-118.2023949995923, 33.811649000089695], [-118.20242700027765, 33.81164199974982], [-118.2034850000867, 33.81164299990506], [-118.20422099968044, 33.811644000060234], [-118.20508799969375, 33.81168099982352], [-118.20549199992477, 33.811674000232614]]]}, "properties": {"GEOID": "06037572202", "renters": 330, "pop": 5151, "renter_occ": 387, "households": 1808, "pct_burden": 55.5, "pct_severe": 20.9, "pct_senior_burden": 100.0, "pct_low_income_burden": 100, "pct_white": null, "pct_black": null, "pct_asian": null, "pct_latino": null}}, {"type": "Feature", "geometry": {"type": "Polygon", "coordinates": [[[-118.22460399985253, 33.824288000047225], [-118.22460300002764, 33.8242020001178], [-118.22458999960885, 33.82348300003969], [-118.22458299993616, 33.82271800020843], [-118.22456700004264, 33.8219399997986], [-118.22456799986753, 33.82173099973035], [-118.22456799986753, 33.82164999965938], [-118.22456799986753, 33.82160700024473], [-118.22457000041567, 33.82156800021888], [-118.22450400029345, 33.82156800021888], [-118.22333900035429, 33.815810999672884], [-118.22275699984803, 33.81293500035182], [-118.22276100004598, 33.81277799985612], [-118.22276799971868, 33.81272800020822], [-118.22274299960432, 33.81271300030815], [-118.22244200020374, 33.81245199998392], [-118.22244200020374, 33.81187899963621], [-118.22144299994596, 33.81166500033131], [-118.22144299994596, 33.81191300033447], [-118.22144100029614, 33.81248400016373], [-118.22143899974799, 33.81368499988963], [-118.22142000037972, 33.81729800029069], [-118.22139500026537, 33.817516000030395], [-118.22134599986155, 33.81781800025812], [-118.22129300015811, 33.81807500030899], [-118.22123100023384, 33.818303999666], [-118.22113999999725, 33.81855700019809], [-118.22098799966129, 33.81890399992607], [-118.22087499968339, 33.81913300004867], [-118.22034699960378, 33.82019500035501], [-118.22006899976944, 33.82072999986348], [-118.21987100030105, 33.821134000032224], [-118.21983699996585, 33.821200999984704], [-118.21945600019934, 33.821952000215475], [-118.21935200044226, 33.821955000319456], [-118.21774800011198, 33.82195300025017], [-118.21543999997499, 33.821956999642396], [-118.21544900019582, 33.82136999969844], [-118.21544900019582, 33.82131300030042], [-118.21545099984566, 33.820010999699015], [-118.21545199967055, 33.8193130000927], [-118.21545300039378, 33.81891700009288], [-118.21449599996878, 33.81890900027751], [-118.21436999957207, 33.81890900027751], [-118.21356500038137, 33.81890800020723], [-118.21328800037192, 33.81890800020723], [-118.21274299967557, 33.81890800020723], [-118.21220500044855, 33.81890700013699], [-118.2119200000432, 33.81890700013699], [-118.2110909996647, 33.81890600006667], [-118.2110890000149, 33.819644000246235], [-118.21108700036507, 33.82136600027876], [-118.21108499981695, 33.82292900014982], [-118.21109999988555, 33.82379900027685], [-118.21130599974985, 33.82387999980481], [-118.21161700009448, 33.82398500026727], [-118.21185800011892, 33.82405400024506], [-118.21196400042412, 33.82408499980595], [-118.21231800042645, 33.82416999984429], [-118.21261200015432, 33.82422800033118], [-118.21274199985066, 33.824249999759324], [-118.21307900013454, 33.82429600010566], [-118.2133779998853, 33.82432500031129], [-118.21370799959818, 33.82434499970109], [-118.21395199999566, 33.8243499997344], [-118.21542900010434, 33.82434499970109], [-118.2154480003709, 33.82456400013895], [-118.21547599995999, 33.824754999967396], [-118.21551000029518, 33.82491700012055], [-118.21557399986929, 33.82512899985728], [-118.21563999999154, 33.82535099976445], [-118.21560700037956, 33.82544799996313], [-118.21559200031095, 33.825491999678505], [-118.21560800020448, 33.825594999669846], [-118.2156109996792, 33.82560700032012], [-118.21562099972496, 33.82564000004737], [-118.2156459998393, 33.82571200015433], [-118.21570600011378, 33.82590099968033], [-118.21586500012242, 33.825872999998055], [-118.2159479999631, 33.82584700028481], [-118.21739099973661, 33.82575099978277], [-118.21754999974526, 33.825735999927815], [-118.21772600037066, 33.825726000022996], [-118.21788700002915, 33.8257250000325], [-118.21815300016793, 33.825723000051326], [-118.21835300018446, 33.82572200006077], [-118.21854999982796, 33.82572100007017], [-118.21862099997307, 33.82572200006077], [-118.21972700036099, 33.82571500012641], [-118.22016300037907, 33.82571200015433], [-118.2203890003349, 33.82565299993642], [-118.22053199955171, 33.825651999945], [-118.22058900035142, 33.82565099995362], [-118.22060600006988, 33.82560400034426], [-118.22076699972835, 33.82560400034426], [-118.22094800037664, 33.82560400034426], [-118.22112300027881, 33.82560400034426], [-118.22128099956424, 33.82560400034426], [-118.22130300020387, 33.82560400034426], [-118.22147999975586, 33.82560400034426], [-118.22165800003111, 33.82560400034426], [-118.22183499958312, 33.82560400034426], [-118.22201100020852, 33.82560300035226], [-118.2222830001951, 33.82560300035226], [-118.2222830001951, 33.82538500033134], [-118.22229599971556, 33.82520199964495], [-118.22229599971556, 33.82516299976611], [-118.22229700043879, 33.82448799979158], [-118.22229599971556, 33.82438199994055], [-118.22416299981161, 33.82438099993427], [-118.22457600026345, 33.82438099993427], [-118.22457600026345, 33.824288000047225], [-118.22460399985253, 33.824288000047225]]]}, "properties": {"GEOID": "06037572301", "renters": 347, "pop": 2229, "renter_occ": 354, "households": 756, "pct_burden": 36.6, "pct_severe": 17.3, "pct_senior_burden": 40.7, "pct_low_income_burden": 100, "pct_white": null, "pct_black": null, "pct_asian": null, "pct_latino": null}}, {"type": "Feature", "geometry": {"type": "Polygon", "coordinates": [[[-118.22244200020374, 33.81187899963621], [-118.22243899983071, 33.80823599962864], [-118.22243700018088, 33.80634800019337], [-118.22243600035598, 33.80457799993044], [-118.22243600035598, 33.804448000268636], [-118.22225700025581, 33.8044010002045], [-118.2219259998197, 33.80434399994911], [-118.22163899976452, 33.804383999857286], [-118.2214520001668, 33.804382000123596], [-118.22072099969759, 33.80437399969539], [-118.22062500033645, 33.80437300020164], [-118.21977900023953, 33.80437199996147], [-118.21868899974513, 33.80437799990955], [-118.21816700041164, 33.80437699966944], [-118.21760599982176, 33.80437699966944], [-118.21653899979192, 33.80437600017572], [-118.21544199962482, 33.80438099988347], [-118.21435000037891, 33.804379999643395], [-118.21326900010537, 33.80437900014971], [-118.21218600018197, 33.80437799990955], [-118.21109700041082, 33.804383999857286], [-118.21000500026658, 33.804382000123596], [-118.20891599959712, 33.80438099988347], [-118.20853700037873, 33.80438300036364], [-118.20823500025497, 33.804383999857286], [-118.20786299981097, 33.80438500009736], [-118.20755300018958, 33.80438600033738], [-118.20735700037099, 33.804386999830996], [-118.20693200022356, 33.80438800007104], [-118.20676999984184, 33.80438800007104], [-118.20664900036633, 33.80438800007104], [-118.20649799985526, 33.80438800007104], [-118.20633399982376, 33.80438800007104], [-118.20588799975991, 33.80438800007104], [-118.20551299984119, 33.80438800007104], [-118.20532399969531, 33.80438800007104], [-118.2054450000691, 33.80964200030962], [-118.2054450000691, 33.80965599982327], [-118.20549199992477, 33.811674000232614], [-118.20574299999495, 33.811676999950734], [-118.20587000021656, 33.81167800010555], [-118.20599599971494, 33.81167999966873], [-118.20688899966753, 33.81163799987525], [-118.20708299983629, 33.81166900020462], [-118.20720900023298, 33.81170200008547], [-118.20729399972348, 33.81164100034102], [-118.20783900041984, 33.81164799993457], [-118.20892200034321, 33.811649000089695], [-118.21001100011439, 33.811650000244846], [-118.2110620002507, 33.811650999653594], [-118.21109400003776, 33.81164500021544], [-118.21219100020484, 33.81164600037065], [-118.21329000002176, 33.8116469997794], [-118.21387400017785, 33.81164799993457], [-118.21437299994513, 33.81164799993457], [-118.21443599969432, 33.81164799993457], [-118.21544599982276, 33.81164299990506], [-118.21767500031703, 33.81164500021544], [-118.21866299980586, 33.81164600037065], [-118.21977699969139, 33.8116469997794], [-118.22129300015811, 33.81164799993457], [-118.22144299994596, 33.81166500033131], [-118.22244200020374, 33.81187899963621]]]}, "properties": {"GEOID": "06037572600", "renters": 189, "pop": 5555, "renter_occ": 239, "households": 2031, "pct_burden": 63.5, "pct_severe": 9.5, "pct_senior_burden": 100.0, "pct_low_income_burden": 0, "pct_white": null, "pct_black": null, "pct_asian": null, "pct_latino": null}}, {"type": "Feature", "geometry": {"type": "Polygon", "coordinates": [[[-118.21978599991223, 33.79891100013638], [-118.21978300043747, 33.79808200012564], [-118.21978099988934, 33.79736400029145], [-118.21978000006445, 33.79709800004453], [-118.21971099956914, 33.79709800004453], [-118.21963600012438, 33.79709800004453], [-118.21925799983262, 33.797096999719344], [-118.2191790001899, 33.797096999719344], [-118.21869899979086, 33.797103000177515], [-118.21760800036989, 33.79712199963489], [-118.21653299994412, 33.79712699976642], [-118.2154349999521, 33.79712600018808], [-118.21461399996957, 33.79711900015304], [-118.21435399967855, 33.79711900015304], [-118.21380800005561, 33.79711900015304], [-118.21378499959108, 33.79711900015304], [-118.2135390004421, 33.79711799982808], [-118.21326300025757, 33.797122999959846], [-118.21320899983091, 33.79712400028473], [-118.2129629997836, 33.79711799982808], [-118.21213400030344, 33.797117000249585], [-118.21108999983981, 33.79711599992456], [-118.21000100006866, 33.797121000056435], [-118.20892599964286, 33.79711999973151], [-118.2078369998717, 33.79712499986315], [-118.20722799960124, 33.79712499986315], [-118.20704799967618, 33.79713899993162], [-118.20691100030714, 33.797149999770525], [-118.20684400036001, 33.797149999770525], [-118.20634399986946, 33.79715199967325], [-118.2062240002189, 33.79716000003006], [-118.20610500039321, 33.79716899996403], [-118.20576200026153, 33.79719300028094], [-118.20551299984119, 33.79721100014099], [-118.20540400006124, 33.79721899974577], [-118.20538499979466, 33.79894199985136], [-118.20536499970318, 33.8007559999835], [-118.20535499965744, 33.80171199968587], [-118.20534999963455, 33.80210599967116], [-118.20534100031205, 33.802862000137374], [-118.20532799989326, 33.804040000185275], [-118.20532399969531, 33.80438800007104], [-118.20551299984119, 33.80438800007104], [-118.20588799975991, 33.80438800007104], [-118.20633399982376, 33.80438800007104], [-118.20649799985526, 33.80438800007104], [-118.20664900036633, 33.80438800007104], [-118.20676999984184, 33.80438800007104], [-118.20693200022356, 33.80438800007104], [-118.20735700037099, 33.804386999830996], [-118.20755300018958, 33.80438600033738], [-118.20786299981097, 33.80438500009736], [-118.20823500025497, 33.804383999857286], [-118.20853700037873, 33.80438300036364], [-118.20891599959712, 33.80438099988347], [-118.21000500026658, 33.804382000123596], [-118.21109700041082, 33.804383999857286], [-118.21218600018197, 33.80437799990955], [-118.21326900010537, 33.80437900014971], [-118.21435000037891, 33.804379999643395], [-118.21544199962482, 33.80438099988347], [-118.21653899979192, 33.80437600017572], [-118.21760599982176, 33.80437699966944], [-118.21816700041164, 33.80437699966944], [-118.21868899974513, 33.80437799990955], [-118.21977900023953, 33.80437199996147], [-118.21978099988934, 33.802558000334066], [-118.21977500004158, 33.80074499986153], [-118.21978599991223, 33.79891100013638]]]}, "properties": {"GEOID": "06037572700", "renters": 216, "pop": 6744, "renter_occ": 253, "households": 2348, "pct_burden": 24.1, "pct_severe": 8.8, "pct_senior_burden": 80.5, "pct_low_income_burden": 100, "pct_white": null, "pct_black": null, "pct_asian": null, "pct_latino": null}}, {"type": "Feature", "geometry": {"type": "Polygon", "coordinates": [[[-118.18937199984923, 33.79893800012956], [-118.18937500022226, 33.79711799982808], [-118.1893569997806, 33.79711799982808], [-118.18822899965136, 33.797117000249585], [-118.18718599991097, 33.79711500034603], [-118.18609700013981, 33.79711400002104], [-118.18501400021641, 33.79711900015304], [-118.18392399972201, 33.79711799982808], [-118.18284099979864, 33.797122999959846], [-118.18176000042341, 33.79712199963489], [-118.18066900010409, 33.79711999973151], [-118.18067400012696, 33.79882800024214], [-118.18067400012696, 33.7989339996611], [-118.18067300030206, 33.79966400031983], [-118.18066499990614, 33.79975000028605], [-118.18065999988328, 33.79979800021229], [-118.18066300025633, 33.79994499995883], [-118.18175000037768, 33.80063899969952], [-118.18174700000462, 33.80078300014115], [-118.18174100015683, 33.80121699981999], [-118.18172899956296, 33.802024000157154], [-118.18172100006532, 33.80261700006112], [-118.18172400043838, 33.80304999988779], [-118.18172600008822, 33.80343299990825], [-118.18172699991312, 33.80348899977345], [-118.18173600013397, 33.803967000250594], [-118.18173399958583, 33.80423100031277], [-118.18182399999749, 33.80423100031277], [-118.18228299958182, 33.8042370002708], [-118.18318700030338, 33.80424900018559], [-118.18391799987425, 33.8042730000101], [-118.18446600004535, 33.80431599992765], [-118.18455200025906, 33.80432300012047], [-118.1845820003963, 33.80433099980698], [-118.18481099982684, 33.80439400001801], [-118.18489100019276, 33.80439599975146], [-118.18501699969117, 33.8043999999646], [-118.18546000028026, 33.80442099977435], [-118.18609999961454, 33.804435000142306], [-118.18718199971299, 33.80442999969126], [-118.18747299996615, 33.804422000014], [-118.18773699955679, 33.80441600006895], [-118.1882169999558, 33.80440400017761], [-118.18834400017741, 33.80439800023129], [-118.18914199969545, 33.80438600033738], [-118.18920500034295, 33.80438500009736], [-118.18933699968912, 33.80438600033738], [-118.18935400030588, 33.80438600033738], [-118.18935400030588, 33.804304000022235], [-118.18935599995568, 33.80346899998578], [-118.1893569997806, 33.80256600018557], [-118.18935900032872, 33.80172700002171], [-118.18934199971198, 33.801656999676275], [-118.18934300043523, 33.80075200034646], [-118.18934500008504, 33.799849000244386], [-118.18936199980347, 33.799849000244386], [-118.18937199984923, 33.79893800012956]]]}, "properties": {"GEOID": "06037573201", "renters": 855, "pop": 4177, "renter_occ": 877, "households": 1174, "pct_burden": 57.3, "pct_severe": 35.9, "pct_senior_burden": 43.8, "pct_low_income_burden": 58.9, "pct_white": null, "pct_black": null, "pct_asian": null, "pct_latino": null}}, {"type": "Feature", "geometry": {"type": "Polygon", "coordinates": [[[-118.18067400012696, 33.79060500036897], [-118.18067499995188, 33.78985300004219], [-118.1795920000285, 33.78985099996894], [-118.17919600019339, 33.78985000030565], [-118.17850300025735, 33.78985000030565], [-118.17742000033397, 33.789855000115345], [-118.17632300016687, 33.78985399970551], [-118.17571399989642, 33.78985300004219], [-118.17415899996993, 33.78985099996894], [-118.17300499990145, 33.789855999778624], [-118.17198700027538, 33.78985399970551], [-118.17089500013117, 33.78985300004219], [-118.16980600036001, 33.78985099996894], [-118.16872300043664, 33.78985000030565], [-118.16764200016307, 33.789848000232325], [-118.1676449996378, 33.791407999898695], [-118.1676449996378, 33.79149199991269], [-118.16778899957784, 33.79158899968413], [-118.16792099982231, 33.79167399990916], [-118.16803100032551, 33.79174499984803], [-118.1711710003157, 33.79376900003714], [-118.17146599986847, 33.79395900032819], [-118.17154700005932, 33.794006999769216], [-118.17162900007511, 33.794058000265636], [-118.17187599994729, 33.7942229999069], [-118.17199700032111, 33.794303000206696], [-118.17206900029115, 33.79434900023321], [-118.17366500022553, 33.79539299964193], [-118.1748820000432, 33.7961860001743], [-118.17517900014414, 33.796380000167986], [-118.17620000014321, 33.79704699986628], [-118.17631099957299, 33.79713500012562], [-118.17645600023626, 33.79725399987425], [-118.17684399967547, 33.79750199984131], [-118.17743500040257, 33.79787899965205], [-118.17746100034184, 33.79789599979844], [-118.17790400003263, 33.798178000329024], [-118.17810400004917, 33.79830599993505], [-118.17849099966347, 33.79855300027841], [-118.17858799974783, 33.798614999956484], [-118.17904999970521, 33.798909999832304], [-118.17937899959318, 33.79911999997216], [-118.17957699995988, 33.79925099981619], [-118.18066300025633, 33.79994499995883], [-118.18065999988328, 33.79979800021229], [-118.18066499990614, 33.79975000028605], [-118.18067300030206, 33.79966400031983], [-118.18067400012696, 33.7989339996611], [-118.18067400012696, 33.79882800024214], [-118.18066900010409, 33.79711999973151], [-118.18066999992901, 33.79666899979345], [-118.18067099975393, 33.79621700012974], [-118.18067199957883, 33.79531300036077], [-118.18066900010409, 33.79348699991212], [-118.18066999992901, 33.79266199964469], [-118.18067400012696, 33.79167300026715], [-118.18067300030206, 33.791257999988645], [-118.18067400012696, 33.790763000138014], [-118.18067400012696, 33.79060500036897]]]}, "properties": {"GEOID": "06037573300", "renters": 1205, "pop": 4259, "renter_occ": 1208, "households": 1249, "pct_burden": 54.5, "pct_severe": 26.7, "pct_senior_burden": 65.1, "pct_low_income_burden": 100, "pct_white": null, "pct_black": null, "pct_asian": null, "pct_latino": null}}, {"type": "Feature", "geometry": {"type": "Polygon", "coordinates": [[[-118.16764899983575, 33.78622099988592], [-118.1676449996378, 33.785679999853095], [-118.1676360003153, 33.78440700010046], [-118.16763200011732, 33.782607000173115], [-118.16707499972541, 33.78259899994959], [-118.16655699969154, 33.78259200022007], [-118.16546799992038, 33.78259800020163], [-118.16438499999701, 33.782602999688116], [-118.16330399972345, 33.78260100019224], [-118.16222099980006, 33.782592999968145], [-118.16111500031046, 33.78259800020163], [-118.16109199984592, 33.78259800020163], [-118.1600409997096, 33.78259699970695], [-118.15892000015137, 33.78260100019224], [-118.15886499989982, 33.782595000210875], [-118.15782899983209, 33.782599999697595], [-118.1567479995585, 33.78259200022007], [-118.15674500008377, 33.78443499991496], [-118.15674300043398, 33.78536800028549], [-118.15674099988583, 33.786205999819245], [-118.15674900028175, 33.786225999907515], [-118.15892799964898, 33.7862230000439], [-118.15945499990367, 33.786223999749595], [-118.15966999998885, 33.786223999749595], [-118.15969199973014, 33.786223999749595], [-118.15991199983816, 33.786223999749595], [-118.16110000024185, 33.786225999907515], [-118.16119499977806, 33.786225999907515], [-118.16221400012738, 33.78622700035979], [-118.16331200011938, 33.78622899977102], [-118.16474099964917, 33.78622700035979], [-118.16583899964114, 33.786225000201846], [-118.16621100008514, 33.786225999907515], [-118.16722500041153, 33.78622200033819], [-118.16764899983575, 33.78622099988592]]]}, "properties": {"GEOID": "06037575102", "renters": 1350, "pop": 5598, "renter_occ": 1350, "households": 2363, "pct_burden": 66.7, "pct_severe": 37.0, "pct_senior_burden": 97.6, "pct_low_income_burden": 100, "pct_white": null, "pct_black": null, "pct_asian": null, "pct_latino": null}}, {"type": "Feature", "geometry": {"type": "Polygon", "coordinates": [[[-118.15674699973361, 33.787129000369156], [-118.15674900028175, 33.786225999907515], [-118.15674099988583, 33.786205999819245], [-118.15674300043398, 33.78536800028549], [-118.15674500008377, 33.78443499991496], [-118.1567479995585, 33.78259200022007], [-118.15565100028974, 33.782589999977276], [-118.15457599986395, 33.78258900022916], [-118.15420299959506, 33.78258799973443], [-118.153485000443, 33.782586999986286], [-118.15240400016943, 33.78258600023814], [-118.15132200007098, 33.78259699970695], [-118.15023199957656, 33.78258900022916], [-118.15022999992674, 33.7834989998733], [-118.15022800027693, 33.78485799967882], [-118.1502209997059, 33.785408999817314], [-118.15021700040627, 33.78576700014006], [-118.15023199957656, 33.78667099991617], [-118.15022999992674, 33.787574999854655], [-118.15022800027693, 33.78834599994275], [-118.15023400012471, 33.78897999985286], [-118.15023199957656, 33.789757000208105], [-118.15130000032966, 33.789757999872535], [-118.15180800031777, 33.78975900028349], [-118.15240199962126, 33.789759999947904], [-118.15292800005106, 33.78976100035884], [-118.15348799991772, 33.78976200002323], [-118.1545640001684, 33.78976400009856], [-118.1556620001604, 33.789766000173785], [-118.15674300043398, 33.78976899991327], [-118.15674500008377, 33.78803900029886], [-118.15674699973361, 33.787129000369156]]]}, "properties": {"GEOID": "06037575103", "renters": 730, "pop": 3258, "renter_occ": 768, "households": 1178, "pct_burden": 54.7, "pct_severe": 17.7, "pct_senior_burden": 100.0, "pct_low_income_burden": 100, "pct_white": null, "pct_black": null, "pct_asian": null, "pct_latino": null}}, {"type": "Feature", "geometry": {"type": "Polygon", "coordinates": [[[-118.17415200029725, 33.78441599988183], [-118.17415599959688, 33.782605999678545], [-118.17361099979884, 33.78260899966886], [-118.17307299967348, 33.78260799992102], [-118.17199200029825, 33.782605999678545], [-118.17090900037488, 33.782611999659125], [-118.16983499977398, 33.78261000016339], [-118.16981200020777, 33.78261000016339], [-118.16873699978201, 33.782601999940155], [-118.16763200011732, 33.782607000173115], [-118.1676360003153, 33.78440700010046], [-118.1676449996378, 33.785679999853095], [-118.16764899983575, 33.78622099988592], [-118.16763299994223, 33.78623500024434], [-118.16763700014019, 33.788042000098855], [-118.16763399976715, 33.78951899985971], [-118.16763399976715, 33.78967500006236], [-118.16763999961493, 33.78981199965181], [-118.16764200016307, 33.789848000232325], [-118.16872300043664, 33.78985000030565], [-118.16980600036001, 33.78985099996894], [-118.17089500013117, 33.78985300004219], [-118.17198700027538, 33.78985399970551], [-118.17197800005454, 33.789733000046134], [-118.17198200025254, 33.78803399963652], [-118.17198300007743, 33.7874870002205], [-118.17198300007743, 33.78746699968014], [-118.17198300007743, 33.787123999653666], [-118.17198399990232, 33.787037999694974], [-118.17198399990232, 33.78682700008151], [-118.17198499972724, 33.7862339997922], [-118.17306000015304, 33.786228000065385], [-118.1741489999242, 33.78623000022326], [-118.17415200029725, 33.78441599988183]]]}, "properties": {"GEOID": "06037575202", "renters": 1634, "pop": 7184, "renter_occ": 1688, "households": 2132, "pct_burden": 64.6, "pct_severe": 38.3, "pct_senior_burden": 68.3, "pct_low_income_burden": 100, "pct_white": null, "pct_black": null, "pct_asian": null, "pct_latino": null}}, {"type": "Feature", "geometry": {"type": "Polygon", "coordinates": [[[-118.18497999988122, 33.86188399976903], [-118.1849690000106, 33.86006299967898], [-118.18496399998772, 33.85809800036916], [-118.18494399989622, 33.85625099994896], [-118.18493100037574, 33.85433200005915], [-118.18491799995695, 33.85243299985501], [-118.18407400040819, 33.852437000059325], [-118.18392899974491, 33.852437999737326], [-118.1838080002694, 33.852395000142934], [-118.18368600007065, 33.85249299991571], [-118.18336999970316, 33.85269099996627], [-118.18310299973948, 33.85267600036281], [-118.18308500019612, 33.852674999941556], [-118.1825920002766, 33.852647000077596], [-118.18257899985781, 33.852663999782955], [-118.18244699961335, 33.85263599991537], [-118.18241400000137, 33.85260899971467], [-118.18226300038866, 33.85258099982906], [-118.18219700026638, 33.85253699988372], [-118.18203200040996, 33.85249900021791], [-118.18182099962446, 33.852400000027465], [-118.18073400040144, 33.85205900006824], [-118.18066800027917, 33.852014999854006], [-118.18035199991171, 33.85193299969951], [-118.18028599978946, 33.85189400008058], [-118.1801410000245, 33.85186699964534], [-118.18005599963568, 33.85181199980986], [-118.17903899983455, 33.851592999801966], [-118.17902100029121, 33.85160299966469], [-118.17888900004672, 33.85157500019537], [-118.17882299992448, 33.85153700010159], [-118.17873800043398, 33.85153700010159], [-118.17839500030232, 33.85131699969749], [-118.17826300005781, 33.85128900013442], [-118.17745299994594, 33.85087700017368], [-118.17722100014231, 33.850813999886824], [-118.17720500024882, 33.851730000206544], [-118.17720500024882, 33.85174400028994], [-118.17722000031742, 33.852592999674606], [-118.1772260001652, 33.85344500006385], [-118.17723200001298, 33.854369000000084], [-118.17723700003587, 33.8552059999269], [-118.17724200005874, 33.856009999932475], [-118.17724299988363, 33.85628100013557], [-118.17725100027955, 33.85630999993296], [-118.17725899977717, 33.85682199982737], [-118.17726499962495, 33.85762600028587], [-118.1772689998229, 33.85813500017059], [-118.17727200019596, 33.85843799973579], [-118.17727700021882, 33.85924199990002], [-118.17728399989153, 33.860100000120994], [-118.1772889999144, 33.86191299990158], [-118.17823700011854, 33.861914000214675], [-118.1791550001855, 33.86190900014115], [-118.1800790001002, 33.86190400006731], [-118.18102700030438, 33.86189899999314], [-118.18201599961813, 33.8618930003514], [-118.18301200040118, 33.86188699996325], [-118.18399200039241, 33.86188300020159], [-118.18497999988122, 33.86188399976903]]]}, "properties": {"GEOID": "06037570601", "renters": 214, "pop": 3617, "renter_occ": 214, "households": 1178, "pct_burden": 57.5, "pct_severe": 14.0, "pct_senior_burden": 100.0, "pct_low_income_burden": 100, "pct_white": null, "pct_black": null, "pct_asian": null, "pct_latino": null}}, {"type": "Feature", "geometry": {"type": "Polygon", "coordinates": [[[-118.14154600044822, 33.76806600001991], [-118.14154999974785, 33.766258999907976], [-118.14045900032687, 33.76625700003054], [-118.1393780000533, 33.7662550001531], [-118.13883099970712, 33.766254000214346], [-118.138286999734, 33.766254000214346], [-118.13720700018366, 33.766252000336834], [-118.1361240002603, 33.76624999971244], [-118.13503499959081, 33.76624799983485], [-118.13394400016982, 33.76625300027557], [-118.13286299989626, 33.766250999651255], [-118.13285899969831, 33.764436999634505], [-118.13255199955164, 33.764436999634505], [-118.13210999968577, 33.764232000130534], [-118.1316760002158, 33.7640270001362], [-118.13133999975682, 33.76421500002215], [-118.13108299983887, 33.76434700020409], [-118.13078999993593, 33.76448499993934], [-118.13049000036025, 33.76461299987392], [-118.13024599996278, 33.764708000302726], [-118.12993700016631, 33.76481799996016], [-118.12990500037925, 33.76482800026149], [-118.1297179998832, 33.76488899975916], [-118.1294640003383, 33.76496300010758], [-118.12914299994792, 33.76504699992113], [-118.12878599957254, 33.76512399998897], [-118.12868699983835, 33.76514299982053], [-118.12912100020662, 33.76553300026645], [-118.12931100017742, 33.765704000022865], [-118.12956200024757, 33.765935999684096], [-118.12998700039503, 33.76632600025512], [-118.1300829997562, 33.76641100016316], [-118.13045400037525, 33.76674799990003], [-118.13089399969299, 33.767152000253276], [-118.13105900044776, 33.767297000185415], [-118.13110700012835, 33.76734299978304], [-118.13135999984831, 33.767560999813064], [-118.13148100022214, 33.76765599996095], [-118.13173099956907, 33.76783899975245], [-118.13203000021812, 33.768037000164036], [-118.13236400012896, 33.76825300009115], [-118.13237800037268, 33.76828099995893], [-118.13246200003826, 33.768392000171254], [-118.13251200026697, 33.768465999735106], [-118.13263199991756, 33.76865700006994], [-118.13285700004847, 33.768861000281845], [-118.13284199997987, 33.769343000295436], [-118.13285500039866, 33.769878000341016], [-118.13169299993423, 33.769875999801336], [-118.13067500030822, 33.76987499990482], [-118.12959200038482, 33.769880000133945], [-118.12850299971531, 33.769878000341016], [-118.12850100006553, 33.77077499985342], [-118.12850699991328, 33.77168500030395], [-118.12850899956311, 33.77351200031037], [-118.12850500026344, 33.77532600011816], [-118.13407800006414, 33.77532799978388], [-118.1347020004032, 33.77532699995106], [-118.13717700004645, 33.77532600011816], [-118.13733100003222, 33.77532500028527], [-118.13826699964252, 33.77532200003983], [-118.13938100042634, 33.77534400009503], [-118.139681000002, 33.77533800035209], [-118.14044699973297, 33.77532500028527], [-118.14134600043165, 33.77532600011816], [-118.14154399990008, 33.77532699995106], [-118.14154200025024, 33.77495199982599], [-118.14153899987718, 33.77438800015506], [-118.1415380000523, 33.77427800008841], [-118.14153899987718, 33.77400799966536], [-118.1415399997021, 33.77351400001844], [-118.14153499967924, 33.77260299971457], [-118.14154399990008, 33.771699999926824], [-118.14154600044822, 33.77078999963562], [-118.14154200025024, 33.769886000259135], [-118.14154399990008, 33.76898300021308], [-118.14154600044822, 33.76806600001991]]]}, "properties": {"GEOID": "06037577606", "renters": 200, "pop": 3545, "renter_occ": 236, "households": 1284, "pct_burden": 40.0, "pct_severe": 18.5, "pct_senior_burden": 57.4, "pct_low_income_burden": 24.4, "pct_white": null, "pct_black": null, "pct_asian": null, "pct_latino": null}}, {"type": "Feature", "geometry": {"type": "Polygon", "coordinates": [[[-118.22751200003917, 33.79036799979536], [-118.22746299963538, 33.79034399980466], [-118.22741499995479, 33.79032100021162], [-118.227036999663, 33.790186000008916], [-118.22677999974506, 33.790104000274084], [-118.22643400013867, 33.79000599990521], [-118.22611699994624, 33.78992800014099], [-118.22609900040291, 33.789926000069485], [-118.22581399999754, 33.78988800019597], [-118.22548500010957, 33.789859999924786], [-118.22521999979571, 33.789851999632276], [-118.22515100019874, 33.78985300004219], [-118.22505300028944, 33.78985399970551], [-118.22493000026579, 33.789855000115345], [-118.22426699956867, 33.78985399970551], [-118.22368699961055, 33.78985300004219], [-118.22357100015788, 33.78985300004219], [-118.22314799966027, 33.789851999632276], [-118.22218399956256, 33.789851999632276], [-118.22138600004453, 33.78985099996894], [-118.2187080000117, 33.789848999895696], [-118.21762599991324, 33.789855000115345], [-118.21653600031715, 33.78985300004219], [-118.21545300039378, 33.789851999632276], [-118.21381100042863, 33.78985099996894], [-118.21216699991538, 33.789855000115345], [-118.21134400028302, 33.789855000115345], [-118.21116000016, 33.789848000232325], [-118.21047700026972, 33.789846999822416], [-118.2099009996112, 33.789848999895696], [-118.20894499990945, 33.789851999632276], [-118.20837900019498, 33.789859999924786], [-118.20810800003336, 33.78987599976089], [-118.20804699993398, 33.78987900024311], [-118.20796099972027, 33.78988600012359], [-118.207942000352, 33.78988800019597], [-118.20783100002392, 33.78989700014793], [-118.20778099979518, 33.78990199995488], [-118.20776400007675, 33.789904000026894], [-118.2076810002361, 33.789912000314544], [-118.20742000012018, 33.7899419998933], [-118.20729200007366, 33.78996100019348], [-118.20654200023621, 33.79006999986934], [-118.20635399991522, 33.79009699966485], [-118.20610899969284, 33.79013300012552], [-118.20604900031671, 33.790139999985236], [-118.20573899979699, 33.79017500002175], [-118.20567900042086, 33.79017900015295], [-118.20560800027573, 33.7901839999435], [-118.20541400010697, 33.79128799984236], [-118.20531600019768, 33.79283400012293], [-118.20515499964088, 33.795375999744905], [-118.20540400006124, 33.79721899974577], [-118.20551299984119, 33.79721100014099], [-118.20576200026153, 33.79719300028094], [-118.20610500039321, 33.79716899996403], [-118.2062240002189, 33.79716000003006], [-118.20634399986946, 33.79715199967325], [-118.20684400036001, 33.797149999770525], [-118.20691100030714, 33.797149999770525], [-118.20704799967618, 33.79713899993162], [-118.20722799960124, 33.79712499986315], [-118.2078369998717, 33.79712499986315], [-118.20892599964286, 33.79711999973151], [-118.21000100006866, 33.797121000056435], [-118.21108999983981, 33.79711599992456], [-118.21213400030344, 33.797117000249585], [-118.2129629997836, 33.79711799982808], [-118.21320899983091, 33.79712400028473], [-118.21326300025757, 33.797122999959846], [-118.2135390004421, 33.79711799982808], [-118.21378499959108, 33.79711900015304], [-118.21380800005561, 33.79711900015304], [-118.21435399967855, 33.79711900015304], [-118.21461399996957, 33.79711900015304], [-118.2154349999521, 33.79712600018808], [-118.21653299994412, 33.79712699976642], [-118.21760800036989, 33.79712199963489], [-118.21869899979086, 33.797103000177515], [-118.2191790001899, 33.797096999719344], [-118.21925799983262, 33.797096999719344], [-118.21963600012438, 33.79709800004453], [-118.21971099956914, 33.79709800004453], [-118.21978000006445, 33.79709800004453], [-118.21978099988934, 33.79736400029145], [-118.21978300043747, 33.79808200012564], [-118.21978599991223, 33.79891100013638], [-118.21977500004158, 33.80074499986153], [-118.21978099988934, 33.802558000334066], [-118.21977900023953, 33.80437199996147], [-118.22062500033645, 33.80437300020164], [-118.22072099969759, 33.80437399969539], [-118.2214520001668, 33.804382000123596], [-118.22163899976452, 33.804383999857286], [-118.2219259998197, 33.80434399994911], [-118.22225700025581, 33.8044010002045], [-118.22243600035598, 33.804448000268636], [-118.22243600035598, 33.80415199983103], [-118.22254000011304, 33.803867000331], [-118.22364099957976, 33.800834999867824], [-118.22433000021617, 33.79894600031944], [-118.22501800012932, 33.79705599981213], [-118.2254380002539, 33.79589200020784], [-118.22585900020339, 33.79472900005874], [-118.2267970003618, 33.792147999888904], [-118.22687600000451, 33.791542999667726], [-118.22696600041621, 33.79085999998886], [-118.22723099983178, 33.79095199998435], [-118.22725699977104, 33.79096099982448], [-118.22732500044141, 33.79080100036976], [-118.22751200003917, 33.79036799979536]]]}, "properties": {"GEOID": "06037578000", "renters": 692, "pop": 3833, "renter_occ": 704, "households": 1190, "pct_burden": 28.8, "pct_severe": 18.2, "pct_senior_burden": 55.6, "pct_low_income_burden": 100, "pct_white": null, "pct_black": null, "pct_asian": null, "pct_latino": null}}, {"type": "Feature", "geometry": {"type": "Polygon", "coordinates": [[[-118.20623300043972, 33.870348999755684], [-118.20632100030325, 33.87034299996181], [-118.20606699986006, 33.86949199981812], [-118.2054430004193, 33.86740099977442], [-118.20468500018595, 33.86486700010391], [-118.20430699989416, 33.86362099985329], [-118.20394700004405, 33.86241599999084], [-118.20394200002119, 33.86239899998875], [-118.2037129996923, 33.86163099991819], [-118.20355299985873, 33.861104999724716], [-118.20112699972098, 33.86090400030261], [-118.20112300042135, 33.86082699986799], [-118.20112400024627, 33.86075900006579], [-118.2011290002691, 33.86069199979089], [-118.20113799959164, 33.86062500020934], [-118.2011550002084, 33.86053900029092], [-118.20117100010191, 33.8604829997423], [-118.20118500034562, 33.86043599989293], [-118.20120200006406, 33.86039000034858], [-118.2012129999347, 33.86036200003001], [-118.20122899982822, 33.86032600003322], [-118.20124499972175, 33.86029000002125], [-118.20126300016344, 33.86025500032659], [-118.20127800023204, 33.86022800029654], [-118.2012890001027, 33.86021099985885], [-118.20130300034639, 33.86018500014825], [-118.20133400030852, 33.86013800013485], [-118.20117699994972, 33.8601180001689], [-118.20094299959797, 33.860455000200204], [-118.20086999980302, 33.86056199965308], [-118.20064300002231, 33.86087200034357], [-118.19983799993328, 33.86197100013718], [-118.19956599994671, 33.862363000104786], [-118.19930900002876, 33.862769000278696], [-118.19927200021884, 33.86264199974096], [-118.19921500031742, 33.86244899967809], [-118.19905499958554, 33.86191299990158], [-118.1989049997977, 33.861407000368025], [-118.19880100004065, 33.86105600031745], [-118.19863700000911, 33.86053000031178], [-118.19855599981827, 33.8602700000909], [-118.19846999960453, 33.85998999982846], [-118.19807799996738, 33.86062900002998], [-118.19756699960622, 33.86141499993586], [-118.1974519999785, 33.86159099993504], [-118.19702299963308, 33.86232200015629], [-118.19607500032724, 33.86381999975748], [-118.19540900015535, 33.8648730002826], [-118.19174600010845, 33.87078299988605], [-118.19123200027255, 33.871498000239825], [-118.19096799978358, 33.872008999864676], [-118.19078200001076, 33.87244799996173], [-118.19072500010932, 33.8725859999148], [-118.19052099989484, 33.87320700029906], [-118.1904410004272, 33.873448999690154], [-118.1903779997797, 33.873706999703025], [-118.19026999982466, 33.874147000186355], [-118.1902079999004, 33.874365999783215], [-118.18987300016464, 33.874366999950354], [-118.18984399985231, 33.87448100028304], [-118.18940899965912, 33.8762029999359], [-118.1893919999407, 33.876272000260826], [-118.18937000019939, 33.876357999993246], [-118.18936400035159, 33.87638100031463], [-118.18932400016864, 33.876541000011365], [-118.18931800032085, 33.87656699996168], [-118.18931199957476, 33.8765890000856], [-118.18930599972695, 33.87661200034473], [-118.18929599968122, 33.87665400028299], [-118.18952099981213, 33.876622999655766], [-118.18973199969933, 33.8765869998034], [-118.18984499967723, 33.876570999781265], [-118.19004200021904, 33.87653300036927], [-118.1902289998168, 33.876499000017425], [-118.19025599958096, 33.87649299991007], [-118.19060999958329, 33.876414999967594], [-118.19085900000363, 33.87634900019011], [-118.19109900020317, 33.876277999637935], [-118.1914110003727, 33.876312000077775], [-118.19166499991758, 33.87634099978418], [-118.1920120002472, 33.87635599970563], [-118.19269799961224, 33.876324999715926], [-118.19292100009335, 33.8763159999093], [-118.19294200000972, 33.87631099993344], [-118.19319200025498, 33.876245000075514], [-118.19330299968475, 33.876216000336484], [-118.1934740002873, 33.876130999861594], [-118.1935029997013, 33.87611599990065], [-118.1937429999008, 33.87605600003042], [-118.19415200015473, 33.87595500000438], [-118.19410500029905, 33.87568700005014], [-118.1940940004284, 33.87562599972593], [-118.19402699958293, 33.87523900028441], [-118.19400200036688, 33.87509300036881], [-118.1950529996049, 33.874639000230616], [-118.19589000037931, 33.87429099989262], [-118.19693200029481, 33.87380699997812], [-118.19745899965119, 33.87358700026236], [-118.19790600043824, 33.87340699966628], [-118.19805000037829, 33.87335600024878], [-118.19825500041769, 33.87328500019009], [-118.19862100011561, 33.87316900013512], [-118.19906899982925, 33.87304600013608], [-118.19944700012104, 33.872957000244526], [-118.19982799988755, 33.87287799986918], [-118.20018199988986, 33.872817999960105], [-118.2002899998449, 33.87280000035208], [-118.20052099982357, 33.87276799963073], [-118.200689999878, 33.8727399996423], [-118.20111300037561, 33.872679999636205], [-118.20115799968313, 33.87267500019319], [-118.20187900010659, 33.87261399995374], [-118.2022330001089, 33.87258899973298], [-118.20243899997323, 33.87258099972046], [-118.20270000008915, 33.87257399989533], [-118.2029029995804, 33.87256800025784], [-118.2035279997444, 33.872608999761], [-118.20417600037291, 33.87269999964295], [-118.204640999805, 33.87279100017374], [-118.20523300035701, 33.8729139997944], [-118.20549000027498, 33.87297099983134], [-118.20548500025208, 33.87272600001761], [-118.20549600012275, 33.87246500020038], [-118.20548799972683, 33.871214000181006], [-118.20548699990191, 33.8710440003713], [-118.205486000077, 33.87040199990532], [-118.20566600000207, 33.870390000324704], [-118.2057399996219, 33.87038500000167], [-118.20577700033013, 33.870382000106076], [-118.20616499976934, 33.87035299986662], [-118.20623300043972, 33.870348999755684]]]}, "properties": {"GEOID": "06037570402", "renters": 924, "pop": 5893, "renter_occ": 947, "households": 1609, "pct_burden": 51.8, "pct_severe": 26.1, "pct_senior_burden": 33.3, "pct_low_income_burden": 81.1, "pct_white": null, "pct_black": null, "pct_asian": null, "pct_latino": null}}, {"type": "Feature", "geometry": {"type": "Polygon", "coordinates": [[[-118.1772889999144, 33.86191299990158], [-118.17728399989153, 33.860100000120994], [-118.17727700021882, 33.85924199990002], [-118.17727200019596, 33.85843799973579], [-118.1772689998229, 33.85813500017059], [-118.17726499962495, 33.85762600028587], [-118.17725899977717, 33.85682199982737], [-118.17725100027955, 33.85630999993296], [-118.17724299988363, 33.85628100013557], [-118.17724200005874, 33.856009999932475], [-118.17723700003587, 33.8552059999269], [-118.17723200001298, 33.854369000000084], [-118.1772260001652, 33.85344500006385], [-118.17722000031742, 33.852592999674606], [-118.17720500024882, 33.85174400028994], [-118.17720500024882, 33.851730000206544], [-118.17722100014231, 33.850813999886824], [-118.17722199996723, 33.850766999938635], [-118.17716099986787, 33.850061999850446], [-118.17707600037735, 33.849163999668455], [-118.17455800017812, 33.85002699969448], [-118.1736290002405, 33.850329999674216], [-118.17233600025486, 33.85078600015887], [-118.17165400018946, 33.85102600030016], [-118.17047400018168, 33.851424000154694], [-118.17025999992144, 33.85149600017775], [-118.16943599956585, 33.85177399982152], [-118.16910000000517, 33.85177599993913], [-118.16764200016307, 33.851783999663056], [-118.16764100033816, 33.852397000246], [-118.16764100033816, 33.852640999785805], [-118.16763999961493, 33.85349100036488], [-118.16763999961493, 33.85378299997924], [-118.16766200025454, 33.85402200024662], [-118.16768399999586, 33.85416400026667], [-118.16770400008733, 33.854258000129086], [-118.16773400022457, 33.85439499998936], [-118.16774500009522, 33.85444400023454], [-118.16781000039255, 33.854563000073455], [-118.16790300027898, 33.854785000370455], [-118.16812300038701, 33.855247000307955], [-118.16829499991614, 33.855603000059986], [-118.16838000030496, 33.85578599981189], [-118.16842999963536, 33.855921000184715], [-118.16847499984121, 33.85608700023455], [-118.16851000000129, 33.856313999955695], [-118.16852099987194, 33.85654200019548], [-118.1685319997426, 33.85659899997382], [-118.16856500025287, 33.85663399967494], [-118.16856600007779, 33.856675000116475], [-118.16857100010066, 33.8569619996721], [-118.16857799977336, 33.85765500037255], [-118.16857699994844, 33.857865999857694], [-118.16857600012352, 33.85871700026069], [-118.16858199997132, 33.85884199997025], [-118.16858100014639, 33.8595080000768], [-118.16858799981911, 33.86012799977951], [-118.1686010002379, 33.86194799966263], [-118.16960399979534, 33.86195000028794], [-118.17056100022033, 33.86194399990378], [-118.1715090004245, 33.861938999832], [-118.17245799955526, 33.861933999759934], [-118.17347100005675, 33.861928000120656], [-118.17442000008585, 33.861928999687564], [-118.1753599998941, 33.861924000360865], [-118.17630100042557, 33.86191900028792], [-118.1772889999144, 33.86191299990158]]]}, "properties": {"GEOID": "06037570602", "renters": 656, "pop": 3903, "renter_occ": 656, "households": 1533, "pct_burden": 57.2, "pct_severe": 23.2, "pct_senior_burden": 55.9, "pct_low_income_burden": 95.1, "pct_white": null, "pct_black": null, "pct_asian": null, "pct_latino": null}}, {"type": "Feature", "geometry": {"type": "Polygon", "coordinates": [[[-118.16858799981911, 33.86012799977951], [-118.16858100014639, 33.8595080000768], [-118.16858199997132, 33.85884199997025], [-118.16857600012352, 33.85871700026069], [-118.16857699994844, 33.857865999857694], [-118.16857799977336, 33.85765500037255], [-118.16857100010066, 33.8569619996721], [-118.16856600007779, 33.856675000116475], [-118.16856500025287, 33.85663399967494], [-118.1685319997426, 33.85659899997382], [-118.16852099987194, 33.85654200019548], [-118.16851000000129, 33.856313999955695], [-118.16847499984121, 33.85608700023455], [-118.16842999963536, 33.855921000184715], [-118.16838000030496, 33.85578599981189], [-118.16829499991614, 33.855603000059986], [-118.16812300038701, 33.855247000307955], [-118.16790300027898, 33.854785000370455], [-118.16781000039255, 33.854563000073455], [-118.16774500009522, 33.85444400023454], [-118.16773400022457, 33.85439499998936], [-118.16770400008733, 33.854258000129086], [-118.16747300010866, 33.854260999845245], [-118.16665600032407, 33.85426499996395], [-118.16633400010879, 33.85424900023404], [-118.16539000010258, 33.85410500029228], [-118.16501199981079, 33.85403100016559], [-118.16479199970277, 33.85400000027493], [-118.16448299990628, 33.85395600031452], [-118.16432800009561, 33.853934000325815], [-118.16432600044577, 33.85411299979808], [-118.1643289999205, 33.854227999977915], [-118.1643289999205, 33.854267000023235], [-118.1643289999205, 33.85434599971608], [-118.16419800039924, 33.85434599971608], [-118.16417499993473, 33.85434599971608], [-118.16366100009883, 33.85434700011776], [-118.16067199972137, 33.8543589997152], [-118.1600130001205, 33.85436099977229], [-118.15984900008897, 33.85436099977229], [-118.15968400023253, 33.8543620001738], [-118.15893299967185, 33.85436499988626], [-118.15864700033991, 33.85436699994319], [-118.15580699992536, 33.8543970000456], [-118.15551499984731, 33.85440100015788], [-118.1555009996036, 33.85440100015788], [-118.15550399997664, 33.85486900007021], [-118.15550899999953, 33.855874000062556], [-118.1555120003726, 33.85646100028801], [-118.15551900004526, 33.85747000016522], [-118.15696799966655, 33.85746400021232], [-118.15697199986452, 33.85783600022785], [-118.15697799971228, 33.85857500035076], [-118.15698100008534, 33.85891700000659], [-118.15698500028331, 33.85934000002227], [-118.15698500028331, 33.86010500030046], [-118.1569910001311, 33.86018399981495], [-118.1570990000861, 33.86018300022755], [-118.15771000000639, 33.86017800005266], [-118.15988400024908, 33.86016900003549], [-118.16037399979554, 33.86016900003549], [-118.1631179999506, 33.86015299991971], [-118.16426899964603, 33.86014799974307], [-118.16858799981911, 33.86012799977951]]]}, "properties": {"GEOID": "06037570603", "renters": 632, "pop": 4987, "renter_occ": 632, "households": 1728, "pct_burden": 48.6, "pct_severe": 16.8, "pct_senior_burden": 10.2, "pct_low_income_burden": 100, "pct_white": null, "pct_black": null, "pct_asian": null, "pct_latino": null}}, {"type": "Feature", "geometry": {"type": "Polygon", "coordinates": [[[-118.20148699957112, 33.855074999996724], [-118.20184599959629, 33.85437300011374], [-118.20146099963182, 33.85434599971608], [-118.20019500030865, 33.85425699972636], [-118.19847100032776, 33.85426200024793], [-118.19659900020889, 33.85427300020074], [-118.19479499986204, 33.85428400015214], [-118.19368199980144, 33.85429000032852], [-118.19173699988761, 33.85430100027773], [-118.18981500043832, 33.854304999648534], [-118.18836900029179, 33.854310000167295], [-118.1859349997581, 33.85431999971189], [-118.18493100037574, 33.85433200005915], [-118.18494399989622, 33.85625099994896], [-118.18496399998772, 33.85809800036916], [-118.18596800026837, 33.85809899998095], [-118.18596099969737, 33.85759100024536], [-118.18838699983513, 33.85758100033773], [-118.1898349996315, 33.85757600001048], [-118.19290900039778, 33.85756699971907], [-118.19340700034013, 33.85756099977293], [-118.19539099971372, 33.857548999879405], [-118.19735300024428, 33.8575350000015], [-118.19773800020876, 33.85753300001875], [-118.19832400001467, 33.85950099992572], [-118.19833599971022, 33.85954199973676], [-118.19846999960453, 33.85998999982846], [-118.19925499960208, 33.8587130003505], [-118.19937400032609, 33.858519000006154], [-118.19952699958866, 33.85827100016995], [-118.20000100013989, 33.85755600019049], [-118.20016299962327, 33.8572779999699], [-118.20036299963982, 33.85693399972147], [-118.20089400009249, 33.856120999764535], [-118.2009230004048, 33.856077000150826], [-118.20099700002463, 33.85595099974123], [-118.20105599957587, 33.855851999821866], [-118.20109400010902, 33.85578999985917], [-118.20128200043001, 33.8554719999927], [-118.20130499999622, 33.85543400014058], [-118.20148699957112, 33.855074999996724]]]}, "properties": {"GEOID": "06037570304", "renters": 240, "pop": 3353, "renter_occ": 248, "households": 958, "pct_burden": 60.4, "pct_severe": 51.7, "pct_senior_burden": 100.0, "pct_low_income_burden": 100, "pct_white": null, "pct_black": null, "pct_asian": null, "pct_latino": null}}, {"type": "Feature", "geometry": {"type": "Polygon", "coordinates": [[[-118.18981500043832, 33.854304999648534], [-118.18980200001953, 33.85331599975231], [-118.18980399966934, 33.85241199989838], [-118.18979699999667, 33.85178599978043], [-118.18978899960074, 33.851146000117915], [-118.18978199992804, 33.8504860001532], [-118.18979000032394, 33.85044999972363], [-118.18978299975294, 33.84983999996101], [-118.1897779997301, 33.849199999893955], [-118.18977899955499, 33.84857999994286], [-118.18977199988228, 33.847946999741744], [-118.1897650002096, 33.84731999999279], [-118.18976600003452, 33.84668100019059], [-118.1897579996386, 33.84649399984771], [-118.1897579996386, 33.846087000144315], [-118.18975099996588, 33.84547399979353], [-118.1897519997908, 33.84493299985294], [-118.18975000014099, 33.84478400029096], [-118.18927399993993, 33.844951000112935], [-118.18830300016954, 33.84528399976198], [-118.18771399999055, 33.84548599989126], [-118.18732099963019, 33.84562100012882], [-118.18494399989622, 33.84643600029256], [-118.18493499967538, 33.84712399965676], [-118.18493300002557, 33.84803400013222], [-118.18492399980474, 33.848580999666055], [-118.18426900040183, 33.848692999921504], [-118.18394899983639, 33.848693999643366], [-118.18381699959193, 33.848703999845405], [-118.18368600007065, 33.848722999778474], [-118.1835260002371, 33.848762000099036], [-118.18337300007622, 33.84881399975273], [-118.18322599976312, 33.84888200011287], [-118.1830910000439, 33.84896100030977], [-118.18297999971581, 33.8490410001514], [-118.18294799992879, 33.8490670002703], [-118.1826540002009, 33.84917399981553], [-118.18215899973325, 33.84946699972496], [-118.18265300037598, 33.85002300012337], [-118.18413200013448, 33.851582999938124], [-118.18418599966284, 33.851479999929204], [-118.1842250000209, 33.85136699990691], [-118.1842459999373, 33.85125099991341], [-118.18424699976222, 33.851219000067545], [-118.18424799958711, 33.85119200016499], [-118.18424900031036, 33.85050600013665], [-118.184913999759, 33.85050699983726], [-118.1849149995839, 33.850960000291195], [-118.18491799995695, 33.85243299985501], [-118.18493100037574, 33.85433200005915], [-118.1859349997581, 33.85431999971189], [-118.18836900029179, 33.854310000167295], [-118.18981500043832, 33.854304999648534]]]}, "properties": {"GEOID": "06037571704", "renters": 1028, "pop": 6678, "renter_occ": 1065, "households": 1693, "pct_burden": 49.8, "pct_severe": 17.7, "pct_senior_burden": 52.3, "pct_low_income_burden": 44.1, "pct_white": null, "pct_black": null, "pct_asian": null, "pct_latino": null}}, {"type": "Feature", "geometry": {"type": "Polygon", "coordinates": [[[-118.20560800027573, 33.7901839999435], [-118.2054280003507, 33.790196999994656], [-118.20540499988616, 33.79019900005983], [-118.20506900032551, 33.790210000043906], [-118.20473500041466, 33.79020799997905], [-118.20467299959205, 33.790205000254936], [-118.20436200014574, 33.79019099979899], [-118.20420999980978, 33.79017700008738], [-118.20395500043998, 33.79015300004314], [-118.20348799956142, 33.79008500000565], [-118.20241200020902, 33.78993200028374], [-118.2022409996065, 33.78990199995488], [-118.20198700006162, 33.78986800021651], [-118.20173199979347, 33.78985000030565], [-118.20143300004274, 33.78984600015902], [-118.20096699988741, 33.78984400008565], [-118.20059500034174, 33.789842999675635], [-118.19948899995383, 33.789848999895696], [-118.19935599988446, 33.789848999895696], [-118.19922100016521, 33.789848000232325], [-118.19921799979215, 33.791667999817], [-118.19922399963994, 33.79348899990038], [-118.19922899966281, 33.79530299988546], [-118.19923299986078, 33.79703999982484], [-118.19923299986078, 33.797122999959846], [-118.19948599958076, 33.797122999959846], [-118.20022000042299, 33.79712400028473], [-118.20060000036463, 33.79712499986315], [-118.20131099984401, 33.79711900015304], [-118.20173799964125, 33.79711900015304], [-118.20240100033838, 33.79711999973151], [-118.20348400026178, 33.797121000056435], [-118.20405099980111, 33.79712199963489], [-118.20419499974118, 33.79712199963489], [-118.20465199967566, 33.79722799967354], [-118.20540400006124, 33.79721899974577], [-118.20515499964088, 33.795375999744905], [-118.20531600019768, 33.79283400012293], [-118.20541400010697, 33.79128799984236], [-118.20560800027573, 33.7901839999435]]]}, "properties": {"GEOID": "06037573003", "renters": 1410, "pop": 5507, "renter_occ": 1542, "households": 1963, "pct_burden": 59.2, "pct_severe": 31.1, "pct_senior_burden": 40.0, "pct_low_income_burden": 67.2, "pct_white": null, "pct_black": null, "pct_asian": null, "pct_latino": null}}, {"type": "Feature", "geometry": {"type": "Polygon", "coordinates": [[[-118.1850269997369, 33.78082299978084], [-118.18502900028504, 33.779620000013644], [-118.18501300039152, 33.77959900009296], [-118.18501300039152, 33.77944000009973], [-118.18501400021641, 33.77896299984262], [-118.18501500004133, 33.77829000010099], [-118.18501599986625, 33.77775600012065], [-118.18501699969117, 33.77708299985605], [-118.18501800041439, 33.77654899981822], [-118.18501900023931, 33.77587599977786], [-118.1850200000642, 33.77534199968298], [-118.18434100037186, 33.77534199968298], [-118.18369399956826, 33.77534099985026], [-118.18303800034045, 33.775343000262346], [-118.18239100043516, 33.77534499992772], [-118.18181300012684, 33.77534499992772], [-118.18154500033823, 33.77534400009503], [-118.18129400026808, 33.77534400009503], [-118.1806769996017, 33.775343000262346], [-118.18067599977681, 33.775870999898665], [-118.18067400012696, 33.77654300015967], [-118.1806769996017, 33.777078000047354], [-118.18067999997476, 33.7777630002454], [-118.18067900014984, 33.778290999899276], [-118.18067800032493, 33.77896399963301], [-118.18067499995188, 33.780763999965934], [-118.18067499995188, 33.78082999965494], [-118.1806819996246, 33.78165499968943], [-118.18067999997476, 33.78259800020163], [-118.1812249997728, 33.78259899994959], [-118.18176100024833, 33.78259899994959], [-118.18230699987126, 33.782599999697595], [-118.18285199966931, 33.78260100019224], [-118.18338800014482, 33.78260100019224], [-118.18393299994285, 33.782601999940155], [-118.18447899956581, 33.78259899994959], [-118.18501599986625, 33.78259699970695], [-118.18502199971401, 33.78164700012364], [-118.1850269997369, 33.78092199997372], [-118.1850269997369, 33.78082299978084]]]}, "properties": {"GEOID": "06037576302", "renters": 1719, "pop": 7199, "renter_occ": 1824, "households": 2106, "pct_burden": 68.1, "pct_severe": 34.3, "pct_senior_burden": 81.7, "pct_low_income_burden": 100, "pct_white": null, "pct_black": null, "pct_asian": null, "pct_latino": null}}, {"type": "Feature", "geometry": {"type": "Polygon", "coordinates": [[[-118.19237700012019, 33.77587900000389], [-118.19238100031815, 33.77534400009503], [-118.19172500019204, 33.77534000001753], [-118.19107800028677, 33.775335999939834], [-118.19042200016062, 33.77533699977262], [-118.1900830002269, 33.77533900018479], [-118.18938000024512, 33.77534099985026], [-118.18932699964338, 33.77534099985026], [-118.18869300015686, 33.77534000001753], [-118.18831400004018, 33.77534000001753], [-118.1876739998076, 33.77533900018479], [-118.1870110000088, 33.77533800035209], [-118.18635499988267, 33.77533699977262], [-118.18602199979675, 33.77533800035209], [-118.18570799997738, 33.77534000001753], [-118.1850200000642, 33.77534199968298], [-118.18501900023931, 33.77587599977786], [-118.18501800041439, 33.77654899981822], [-118.18501699969117, 33.77708299985605], [-118.18501599986625, 33.77775600012065], [-118.18501500004133, 33.77829000010099], [-118.18501400021641, 33.77896299984262], [-118.18501300039152, 33.77944000009973], [-118.18501300039152, 33.77959900009296], [-118.18502900028504, 33.779620000013644], [-118.1850269997369, 33.78082299978084], [-118.1850269997369, 33.78092199997372], [-118.18502199971401, 33.78164700012364], [-118.18501599986625, 33.78259699970695], [-118.18567899966506, 33.782604000182715], [-118.18605100010906, 33.78260499993066], [-118.18669100034164, 33.782611999659125], [-118.18733800024695, 33.782602999688116], [-118.18798599997713, 33.78259399971622], [-118.1883490002003, 33.782592999968145], [-118.18864100027835, 33.78259099972538], [-118.18893800037927, 33.78259099972538], [-118.18935799960552, 33.78258900022916], [-118.18937600004718, 33.78258900022916], [-118.19009400009757, 33.782592999968145], [-118.19106599969288, 33.78259800020163], [-118.19148400016765, 33.78259800020163], [-118.19237799994511, 33.78259200022007], [-118.19237899977003, 33.781991999945134], [-118.19237999959495, 33.781398999774304], [-118.19237899977003, 33.78081100031531], [-118.19237499957205, 33.778972000196056], [-118.19237200009734, 33.77829199969757], [-118.19236899972428, 33.777757999729694], [-118.1923700004475, 33.777085000227515], [-118.19237100027242, 33.77656499990131], [-118.19237100027242, 33.77655100020208], [-118.19237700012019, 33.77587900000389]]]}, "properties": {"GEOID": "06037576301", "renters": 791, "pop": 2160, "renter_occ": 905, "households": 1088, "pct_burden": 52.0, "pct_severe": 17.4, "pct_senior_burden": 76.1, "pct_low_income_burden": 82.7, "pct_white": null, "pct_black": null, "pct_asian": null, "pct_latino": null}}, {"type": "Feature", "geometry": {"type": "Polygon", "coordinates": [[[-118.16111899961011, 33.780777999723206], [-118.16113899970159, 33.77897099965903], [-118.16004800028061, 33.77896900007835], [-118.15892799964898, 33.77896800028797], [-118.157837000228, 33.77895899993411], [-118.15675599995443, 33.77896500017012], [-118.15566499963514, 33.77896299984262], [-118.15458400025987, 33.77896800028797], [-118.15349299994058, 33.77896599996053], [-118.15241199966704, 33.77896399963301], [-118.1524080003674, 33.78078500034765], [-118.15240599981924, 33.78151300019263], [-118.15240400016943, 33.78258600023814], [-118.153485000443, 33.782586999986286], [-118.15420299959506, 33.78258799973443], [-118.15457599986395, 33.78258900022916], [-118.15565100028974, 33.782589999977276], [-118.1567479995585, 33.78259200022007], [-118.15782899983209, 33.782599999697595], [-118.15886499989982, 33.782595000210875], [-118.15892000015137, 33.78260100019224], [-118.1600409997096, 33.78259699970695], [-118.16109199984592, 33.78259800020163], [-118.16111500031046, 33.78259800020163], [-118.16111100011251, 33.78080900003092], [-118.16111899961011, 33.780777999723206]]]}, "properties": {"GEOID": "06037576903", "renters": 722, "pop": 2882, "renter_occ": 722, "households": 1008, "pct_burden": 48.8, "pct_severe": 14.8, "pct_senior_burden": 75.0, "pct_low_income_burden": 100, "pct_white": null, "pct_black": null, "pct_asian": null, "pct_latino": null}}, {"type": "Feature", "geometry": {"type": "Polygon", "coordinates": [[[-118.14230899980613, 33.733593000014416], [-118.14212600040634, 33.73358799990991], [-118.14004199967702, 33.73375000000914], [-118.13886900024028, 33.73456200026936], [-118.1380880004407, 33.735103999861224], [-118.12682200029046, 33.730596999943366], [-118.12590099985047, 33.7302290001422], [-118.12590099985047, 33.73012199977394], [-118.12447599962033, 33.72957699973794], [-118.12444700020633, 33.72956600018821], [-118.12020400020126, 33.73600999982017], [-118.11951000044031, 33.73706400028913], [-118.11780300017787, 33.73965500034833], [-118.11601399989964, 33.74237700001499], [-118.11564999985156, 33.742930999824075], [-118.11474900040139, 33.7443020000134], [-118.11463499970026, 33.74460599969072], [-118.11485900000622, 33.74475199985547], [-118.11492299958033, 33.74479400033775], [-118.11530400024515, 33.74535899998876], [-118.1160239999454, 33.74692999966382], [-118.1162850000613, 33.74743999971337], [-118.11647699968191, 33.74785299983033], [-118.1174399999547, 33.749080000023675], [-118.11810100010369, 33.74918500037344], [-118.11882500000188, 33.7493009998563], [-118.11954399987718, 33.74945399969411], [-118.12026500030063, 33.74960900027171], [-118.12112300009312, 33.749792999885315], [-118.12169399983043, 33.74991600019838], [-118.12218099990214, 33.75002100027142], [-118.12254499995022, 33.75015899991577], [-118.12302500034923, 33.750342999843056], [-118.12363999956916, 33.75057800036534], [-118.12424800001469, 33.75080999988693], [-118.12487599965341, 33.751050999826255], [-118.12550699966518, 33.75129199983514], [-118.12589800037573, 33.75144200026728], [-118.12612000013358, 33.75152699999732], [-118.12667900017534, 33.75174000012819], [-118.12674100009961, 33.75176300037019], [-118.12736299989055, 33.752001000303544], [-118.12801900001665, 33.752252000157746], [-118.12857899988332, 33.752466000081014], [-118.13008000028142, 33.75446499962742], [-118.13066000023957, 33.755235999712234], [-118.12943599985088, 33.758113000159405], [-118.13002300038004, 33.75822700019532], [-118.13012499958899, 33.75824700009427], [-118.13134700032784, 33.75638199971679], [-118.13180199971418, 33.755647000245894], [-118.13206700002804, 33.755268999686066], [-118.13218500002884, 33.755078000136656], [-118.1318800004303, 33.75426599989895], [-118.13231100042552, 33.75355099971318], [-118.13234099966444, 33.7535079996979], [-118.13267999959814, 33.753041000157495], [-118.13314400010366, 33.752511000070236], [-118.13329200024167, 33.75258900029431], [-118.13349800010599, 33.7521479999324], [-118.13883599972999, 33.74077500001963], [-118.13980900004853, 33.738701999776666], [-118.14046099997668, 33.73731400025675], [-118.14187100013821, 33.73447599985122], [-118.14230899980613, 33.733593000014416]]]}, "properties": {"GEOID": "06037577504", "renters": 294, "pop": 1889, "renter_occ": 294, "households": 583, "pct_burden": 48.6, "pct_severe": 18.4, "pct_senior_burden": 100.0, "pct_low_income_burden": 100, "pct_white": null, "pct_black": null, "pct_asian": null, "pct_latino": null}}, {"type": "Feature", "geometry": {"type": "Polygon", "coordinates": [[[-118.18937500022226, 33.79711799982808], [-118.18937000019939, 33.795310999668594], [-118.18936299962839, 33.794605999861766], [-118.18936500017652, 33.79349099988859], [-118.18937400039736, 33.792586999701236], [-118.18936799965125, 33.79168400006184], [-118.18936900037447, 33.79077299965054], [-118.18936400035159, 33.789857000188434], [-118.18934699973485, 33.789857000188434], [-118.18867399989028, 33.789855999778624], [-118.18719199975875, 33.78985399970551], [-118.18669299999148, 33.78985399970551], [-118.18563099998448, 33.78985300004219], [-118.18502599991199, 33.789851999632276], [-118.18448100011395, 33.789851999632276], [-118.18394499963844, 33.78985000030565], [-118.18284800036965, 33.789851999632276], [-118.18176500044628, 33.78985399970551], [-118.18067499995188, 33.78985300004219], [-118.18067400012696, 33.79060500036897], [-118.18067400012696, 33.790763000138014], [-118.18067300030206, 33.791257999988645], [-118.18067400012696, 33.79167300026715], [-118.18066999992901, 33.79266199964469], [-118.18066900010409, 33.79348699991212], [-118.18067199957883, 33.79531300036077], [-118.18067099975393, 33.79621700012974], [-118.18066999992901, 33.79666899979345], [-118.18066900010409, 33.79711999973151], [-118.18176000042341, 33.79712199963489], [-118.18284099979864, 33.797122999959846], [-118.18392399972201, 33.79711799982808], [-118.18501400021641, 33.79711900015304], [-118.18609700013981, 33.79711400002104], [-118.18718599991097, 33.79711500034603], [-118.18822899965136, 33.797117000249585], [-118.1893569997806, 33.79711799982808], [-118.18937500022226, 33.79711799982808]]]}, "properties": {"GEOID": "06037573202", "renters": 1169, "pop": 4064, "renter_occ": 1200, "households": 1339, "pct_burden": 67.2, "pct_severe": 39.7, "pct_senior_burden": 69.7, "pct_low_income_burden": 100, "pct_white": null, "pct_black": null, "pct_asian": null, "pct_latino": null}}, {"type": "Feature", "geometry": {"type": "Polygon", "coordinates": [[[-118.12002199972807, 33.76118900019684], [-118.1207980004031, 33.76051699975361], [-118.11980199962002, 33.759595000003536], [-118.11664300026158, 33.75666999982749], [-118.11236300044659, 33.7530609997725], [-118.11638100032074, 33.750139999750616], [-118.11654799982702, 33.750020000143266], [-118.11625800029711, 33.750020000143266], [-118.1174399999547, 33.749080000023675], [-118.11647699968191, 33.74785299983033], [-118.1162850000613, 33.74743999971337], [-118.1160239999454, 33.74692999966382], [-118.11530400024515, 33.74535899998876], [-118.11492299958033, 33.74479400033775], [-118.11485900000622, 33.74475199985547], [-118.11463499970026, 33.74460599969072], [-118.11441999961511, 33.745176000009636], [-118.11405999976498, 33.746137999682276], [-118.1132370001326, 33.74698499971255], [-118.1130460003369, 33.74708999963972], [-118.1128940000009, 33.74717200021195], [-118.11225499959323, 33.74751999963634], [-118.11132900002869, 33.748018000335634], [-118.11064699996331, 33.74838600002021], [-118.1104989998253, 33.74846599980762], [-118.11021400031825, 33.74861999978584], [-118.11012100043185, 33.74867000027221], [-118.10982000013298, 33.748829999989404], [-118.10896399999028, 33.74929499978387], [-118.10626800041412, 33.750751000319255], [-118.10598800003162, 33.75090000008607], [-118.10586800038104, 33.75096799985857], [-118.10585999998511, 33.75090000008607], [-118.10585800033529, 33.7508649996879], [-118.10584900011445, 33.750664999699346], [-118.10166899985857, 33.75291500030958], [-118.1015650001015, 33.75297499997574], [-118.10146399981916, 33.75304000006458], [-118.1013679995597, 33.75310899972581], [-118.10127600039648, 33.7531829997879], [-118.10116099987047, 33.75328099971124], [-118.10109599957313, 33.75333299989945], [-118.10102699997618, 33.7533829998783], [-118.10095500000615, 33.75342900022149], [-118.10087999966309, 33.75347200027643], [-118.10046600028458, 33.75369500016327], [-118.10034900010874, 33.7537529998613], [-118.1002260000851, 33.753802000258084], [-118.10014200041951, 33.75383000036558], [-118.09998800043371, 33.753877999888374], [-118.09987000043294, 33.753917000134344], [-118.0997549999069, 33.753962000108864], [-118.0996429997539, 33.754011999720895], [-118.09953399997397, 33.75406699970864], [-118.0989039997871, 33.75440699966422], [-118.09884000021299, 33.754443000186825], [-118.0987759997406, 33.754481000099744], [-118.09871499964122, 33.75452100014708], [-118.09865500026508, 33.75456200025092], [-118.09859599981553, 33.754604999737644], [-118.09853999973903, 33.754650000097946], [-118.09848500038576, 33.75469599976135], [-118.09843299960892, 33.75474400029303], [-118.09838199955527, 33.754793000123435], [-118.0983330000498, 33.754844000069625], [-118.09828600019411, 33.754896000056746], [-118.09824199981318, 33.75495000015359], [-118.0981999999804, 33.755004000216445], [-118.09815999979745, 33.75505999963713], [-118.0981220001626, 33.75511699983682], [-118.09809500039844, 33.75515999979202], [-118.09772200012952, 33.75535899968601], [-118.09712899975258, 33.75568200018577], [-118.09642400012098, 33.756067000074985], [-118.09375500030896, 33.757509000060146], [-118.09197000022873, 33.75847200031632], [-118.09197699990142, 33.758676000126705], [-118.09199500034308, 33.75866699988172], [-118.09201999955913, 33.75865500030042], [-118.09204899987142, 33.75914599965795], [-118.0920100004117, 33.759147999701256], [-118.09203700017586, 33.7595630002181], [-118.0920449996735, 33.75967499978834], [-118.09268400008118, 33.759675999803804], [-118.09430400030496, 33.759657000253995], [-118.0952929996187, 33.759602000118356], [-118.09545300035059, 33.759602000118356], [-118.09608000016439, 33.75960300013473], [-118.09751100024232, 33.75960600018373], [-118.09778800025175, 33.75960800021637], [-118.0981999999804, 33.759610000248955], [-118.09829700006478, 33.75961100026518], [-118.09872200021222, 33.759614000313945], [-118.09875900002214, 33.75951700017884], [-118.098832999642, 33.75933299977492], [-118.09904299970427, 33.75889299977287], [-118.0993590000718, 33.75839800033836], [-118.09975300025707, 33.75784799977182], [-118.10031899997149, 33.75720499981977], [-118.10084500040129, 33.75669400029095], [-118.10514199993472, 33.75341000003402], [-118.10626900023904, 33.75252100031359], [-118.1063520000797, 33.75245699993097], [-118.10639599956231, 33.75256500017544], [-118.10654000040068, 33.75284900003082], [-118.10668799964036, 33.75310099973549], [-118.10684800037227, 33.75334699965744], [-118.10698700028941, 33.753538000075615], [-118.10717300006226, 33.75377099988841], [-118.10719200032884, 33.7538010001741], [-118.10820800030507, 33.75489099970028], [-118.10882900027109, 33.75555100016675], [-118.11049100032771, 33.75733500025592], [-118.11064899961312, 33.75751300022317], [-118.11104899964623, 33.757935999980084], [-118.11119199976135, 33.75808800005917], [-118.11220799973758, 33.75918499974794], [-118.11360299983049, 33.76069099982041], [-118.11372099983126, 33.76082400020414], [-118.11392900024373, 33.76107500036603], [-118.11415100000158, 33.7613629996463], [-118.11440299989665, 33.761725000356286], [-118.11459299986745, 33.762028000262006], [-118.11475000022628, 33.76230200028723], [-118.11493099997625, 33.76265200025006], [-118.11504599960396, 33.762891999782546], [-118.11512000012213, 33.763046999963635], [-118.11766000006271, 33.76220500020671], [-118.11787799962259, 33.76213299969107], [-118.1180740003395, 33.762068999762754], [-118.11811100014943, 33.762056999910925], [-118.11831000034107, 33.761991999937365], [-118.11873200011544, 33.761796999721064], [-118.11998400009324, 33.76122200011959], [-118.12002199972807, 33.76118900019684]]]}, "properties": {"GEOID": "06037577604", "renters": 598, "pop": 4989, "renter_occ": 606, "households": 1666, "pct_burden": 73.2, "pct_severe": 36.8, "pct_senior_burden": 17.2, "pct_low_income_burden": 26.6, "pct_white": null, "pct_black": null, "pct_asian": null, "pct_latino": null}}, {"type": "Feature", "geometry": {"type": "Polygon", "coordinates": [[[-118.18068400017272, 33.78486700015942], [-118.18067599977681, 33.784826000368106], [-118.18067999997476, 33.78259800020163], [-118.1800630002067, 33.782604000182715], [-118.17966800019649, 33.782602999688116], [-118.17901299989526, 33.782602999688116], [-118.17792400012412, 33.78260100019224], [-118.17632800018976, 33.782611999659125], [-118.17559400024582, 33.782607000173115], [-118.17525299976396, 33.78260499993066], [-118.17488299986809, 33.782602999688116], [-118.17415599959688, 33.782605999678545], [-118.17415200029725, 33.78441599988183], [-118.1741489999242, 33.78623000022326], [-118.17306000015304, 33.786228000065385], [-118.17198499972724, 33.7862339997922], [-118.17198399990232, 33.78682700008151], [-118.17198399990232, 33.787037999694974], [-118.17198300007743, 33.787123999653666], [-118.17198300007743, 33.78746699968014], [-118.17198300007743, 33.7874870002205], [-118.17198200025254, 33.78803399963652], [-118.17197800005454, 33.789733000046134], [-118.17198700027538, 33.78985399970551], [-118.17300499990145, 33.789855999778624], [-118.17415899996993, 33.78985099996894], [-118.17571399989642, 33.78985300004219], [-118.17632300016687, 33.78985399970551], [-118.17742000033397, 33.789855000115345], [-118.17850300025735, 33.78985000030565], [-118.17919600019339, 33.78985000030565], [-118.1795920000285, 33.78985099996894], [-118.18067499995188, 33.78985300004219], [-118.18067599977681, 33.78938500030097], [-118.1806769996017, 33.788949000263166], [-118.18067900014984, 33.788046000329764], [-118.18067999997476, 33.787135000032805], [-118.18067400012696, 33.78623199963442], [-118.18066599973103, 33.78577700023603], [-118.18068400017272, 33.78486700015942]]]}, "properties": {"GEOID": "06037575201", "renters": 39, "pop": 723, "renter_occ": 53, "households": 53, "pct_burden": 69.2, "pct_severe": 43.6, "pct_senior_burden": 0, "pct_low_income_burden": 100, "pct_white": null, "pct_black": null, "pct_asian": null, "pct_latino": null}}, {"type": "Feature", "geometry": {"type": "Polygon", "coordinates": [[[-118.20560800027573, 33.7901839999435], [-118.20560300025288, 33.789848000232325], [-118.20558200033646, 33.78834500026182], [-118.20550000032071, 33.78264399979711], [-118.20538099959668, 33.78264200030211], [-118.20466300044463, 33.78263100009248], [-118.20411299972541, 33.782625000113285], [-118.20315000035092, 33.78262400036557], [-118.2009869999789, 33.782622000123474], [-118.20081200007672, 33.78261900013361], [-118.20064800004518, 33.78261600014365], [-118.19936799958, 33.78259399971622], [-118.19801699986802, 33.78259200022007], [-118.19751800010074, 33.78259200022007], [-118.19636599968207, 33.78259099972538], [-118.19575999978464, 33.782589999977276], [-118.19570999955593, 33.782589999977276], [-118.19506299965067, 33.78258900022916], [-118.19471100019646, 33.782589999977276], [-118.19440700042283, 33.782592999968145], [-118.1937200003346, 33.78259399971622], [-118.19371899961136, 33.783682000169094], [-118.19371799978646, 33.783932999824515], [-118.19371600013662, 33.78532499980845], [-118.19371000028883, 33.786228000065385], [-118.19370500026596, 33.78713099975937], [-118.19371100011375, 33.788042000098855], [-118.1937150003117, 33.789819000284346], [-118.19372299980931, 33.789855000115345], [-118.19505799962778, 33.789857000188434], [-118.19635499981142, 33.789851999632276], [-118.19640900023808, 33.78985099996894], [-118.19761000016224, 33.78985300004219], [-118.19807600031754, 33.789846999822416], [-118.19922100016521, 33.789848000232325], [-118.19935599988446, 33.789848999895696], [-118.19948899995383, 33.789848999895696], [-118.20059500034174, 33.789842999675635], [-118.20096699988741, 33.78984400008565], [-118.20143300004274, 33.78984600015902], [-118.20173199979347, 33.78985000030565], [-118.20198700006162, 33.78986800021651], [-118.2022409996065, 33.78990199995488], [-118.20241200020902, 33.78993200028374], [-118.20348799956142, 33.79008500000565], [-118.20395500043998, 33.79015300004314], [-118.20420999980978, 33.79017700008738], [-118.20436200014574, 33.79019099979899], [-118.20467299959205, 33.790205000254936], [-118.20473500041466, 33.79020799997905], [-118.20506900032551, 33.790210000043906], [-118.20540499988616, 33.79019900005983], [-118.2054280003507, 33.790196999994656], [-118.20560800027573, 33.7901839999435]]]}, "properties": {"GEOID": "06037575401", "renters": 1100, "pop": 4178, "renter_occ": 1122, "households": 1257, "pct_burden": 67.5, "pct_severe": 47.4, "pct_senior_burden": 95.1, "pct_low_income_burden": 100, "pct_white": null, "pct_black": null, "pct_asian": null, "pct_latino": null}}, {"type": "Feature", "geometry": {"type": "Polygon", "coordinates": [[[-118.19372299980931, 33.789855000115345], [-118.1937150003117, 33.789819000284346], [-118.19371100011375, 33.788042000098855], [-118.19370500026596, 33.78713099975937], [-118.19371000028883, 33.786228000065385], [-118.19371600013662, 33.78532499980845], [-118.19371799978646, 33.783932999824515], [-118.19371899961136, 33.783682000169094], [-118.1937200003346, 33.78259399971622], [-118.19302400002549, 33.782592999968145], [-118.19237799994511, 33.78259200022007], [-118.19148400016765, 33.78259800020163], [-118.19106599969288, 33.78259800020163], [-118.19009400009757, 33.782592999968145], [-118.18937600004718, 33.78258900022916], [-118.18937400039736, 33.78369100002665], [-118.18937400039736, 33.78380900006292], [-118.18937400039736, 33.78393400030358], [-118.1893869999178, 33.785326000271255], [-118.18937900042023, 33.78577400035669], [-118.18937000019939, 33.78623000022326], [-118.18937500022226, 33.787139000306084], [-118.18937400039736, 33.788049999813886], [-118.18936600000144, 33.78895299970507], [-118.18936400035159, 33.789857000188434], [-118.19025599958096, 33.7898579998517], [-118.19106900006592, 33.78985900026155], [-118.19172600001696, 33.789859999924786], [-118.19237999959495, 33.789861000334554], [-118.19270900038123, 33.7898579998517], [-118.19303700044428, 33.78985399970551], [-118.19372299980931, 33.789855000115345]]]}, "properties": {"GEOID": "06037575402", "renters": 845, "pop": 3946, "renter_occ": 898, "households": 1068, "pct_burden": 72.8, "pct_severe": 38.7, "pct_senior_burden": 48.5, "pct_low_income_burden": 85.7, "pct_white": null, "pct_black": null, "pct_asian": null, "pct_latino": null}}, {"type": "Feature", "geometry": {"type": "Polygon", "coordinates": [[[-118.19936799958, 33.78259399971622], [-118.19936000008238, 33.78194099972793], [-118.19935500005953, 33.78017400032827], [-118.19935699970935, 33.778966999750885], [-118.19935800043258, 33.77829400004074], [-118.19935900025749, 33.77775299996034], [-118.19936000008238, 33.77707999967218], [-118.1993609999073, 33.776546000362345], [-118.19936199973222, 33.77586699984576], [-118.19936199973222, 33.775331999861955], [-118.19873900011636, 33.775331999861955], [-118.19802000024107, 33.775331000029176], [-118.19719099986258, 33.77533699977262], [-118.19635300016158, 33.77534199968298], [-118.19569799986037, 33.77533800035209], [-118.19505000013017, 33.7753340002743], [-118.1950529996049, 33.77587499995137], [-118.19505599997795, 33.77654099977555], [-118.19505199978, 33.77708200004365], [-118.19504599993222, 33.77775500031616], [-118.19504900030525, 33.778294999838984], [-118.19505199978, 33.77897500031367], [-118.19505699980287, 33.78139499997954], [-118.19506299965067, 33.78258900022916], [-118.19570999955593, 33.782589999977276], [-118.19575999978464, 33.782589999977276], [-118.19636599968207, 33.78259099972538], [-118.19751800010074, 33.78259200022007], [-118.19801699986802, 33.78259200022007], [-118.19936799958, 33.78259399971622]]]}, "properties": {"GEOID": "06037575802", "renters": 323, "pop": 2594, "renter_occ": 357, "households": 850, "pct_burden": 61.9, "pct_severe": 49.2, "pct_senior_burden": 73.7, "pct_low_income_burden": 42.0, "pct_white": null, "pct_black": null, "pct_asian": null, "pct_latino": null}}, {"type": "Feature", "geometry": {"type": "Polygon", "coordinates": [[[-118.20555399984906, 33.77291600009328], [-118.20558999983406, 33.769520999968144], [-118.20540700043429, 33.7695200000675], [-118.20463699960702, 33.76951599971807], [-118.20415899975615, 33.76951800026621], [-118.2035570000567, 33.76951200011522], [-118.20295600018218, 33.76950699986467], [-118.20236500035338, 33.76931799973702], [-118.20183600044888, 33.769287999654736], [-118.20160600029509, 33.76928599984799], [-118.20121100028489, 33.76928400004119], [-118.20060399966425, 33.76927899977734], [-118.1999810000484, 33.769282000234405], [-118.19936400028035, 33.7692849999446], [-118.1987480003372, 33.76928400004119], [-118.19802899956358, 33.76928300013783], [-118.19802899956358, 33.76982399994084], [-118.19802799973867, 33.77049699973167], [-118.1980229997158, 33.77103100015631], [-118.19801699986802, 33.771697000301124], [-118.19801699986802, 33.772243999756924], [-118.19802400043902, 33.7729169999543], [-118.1980229997158, 33.77345799996034], [-118.19802199989088, 33.774131000328666], [-118.19802100006596, 33.7746649997584], [-118.19802000024107, 33.775331000029176], [-118.19873900011636, 33.775331999861955], [-118.19936199973222, 33.775331999861955], [-118.19997799967537, 33.775332999694776], [-118.20059500034174, 33.7753340002743], [-118.20121799995759, 33.7753340002743], [-118.20177899964916, 33.77533500010705], [-118.20233100001818, 33.77530099981216], [-118.20312500023657, 33.77558600032948], [-118.20314500032808, 33.775596999950544], [-118.20357700014821, 33.775827999880306], [-118.20374100017972, 33.77591600029418], [-118.2040080001434, 33.77608800006145], [-118.20435999959761, 33.77631500012859], [-118.20443999996354, 33.7763659999623], [-118.20463999998007, 33.77648399963669], [-118.20539200036568, 33.77692900023707], [-118.20551100019135, 33.7769999997079], [-118.20555399984906, 33.77291600009328]]]}, "properties": {"GEOID": "06037575901", "renters": 472, "pop": 4638, "renter_occ": 534, "households": 1591, "pct_burden": 67.0, "pct_severe": 33.5, "pct_senior_burden": 100.0, "pct_low_income_burden": 100, "pct_white": null, "pct_black": null, "pct_asian": null, "pct_latino": null}}, {"type": "Feature", "geometry": {"type": "Polygon", "coordinates": [[[-118.19802899956358, 33.76982399994084], [-118.19802899956358, 33.76928300013783], [-118.19719199968748, 33.76928900030481], [-118.19652100039109, 33.76929299991806], [-118.19635499981142, 33.76929399982137], [-118.1957079999061, 33.76929399982137], [-118.19505199978, 33.76929299991806], [-118.19410500029905, 33.76929700027791], [-118.19371699996154, 33.76929800018116], [-118.19369900041818, 33.76929800018116], [-118.19359999978566, 33.76929800018116], [-118.1930380002692, 33.76929800018116], [-118.192382999968, 33.76929700027791], [-118.19238200014308, 33.76983099996698], [-118.19238100031815, 33.77050399970287], [-118.19237999959495, 33.770806000047465], [-118.19237799994511, 33.77104400012797], [-118.19237999959495, 33.7712999996271], [-118.19237899977003, 33.77170699979968], [-118.19237799994511, 33.77224500037253], [-118.19237700012019, 33.772932999969], [-118.19237600029528, 33.77345799996034], [-118.19237499957205, 33.774131000328666], [-118.19237700012019, 33.77450200019733], [-118.19237700012019, 33.77467200013574], [-118.19238100031815, 33.775247999676864], [-118.19238100031815, 33.77534400009503], [-118.19302800022344, 33.77534199968298], [-118.1937079997407, 33.77533900018479], [-118.19373399967996, 33.77533900018479], [-118.19440300022488, 33.775335999939834], [-118.19505000013017, 33.7753340002743], [-118.19569799986037, 33.77533800035209], [-118.19635300016158, 33.77534199968298], [-118.19719099986258, 33.77533699977262], [-118.19802000024107, 33.775331000029176], [-118.19802100006596, 33.7746649997584], [-118.19802199989088, 33.774131000328666], [-118.1980229997158, 33.77345799996034], [-118.19802400043902, 33.7729169999543], [-118.19801699986802, 33.772243999756924], [-118.19801699986802, 33.771697000301124], [-118.1980229997158, 33.77103100015631], [-118.19802799973867, 33.77049699973167], [-118.19802899956358, 33.76982399994084]]]}, "properties": {"GEOID": "06037575902", "renters": 94, "pop": 1623, "renter_occ": 94, "households": 748, "pct_burden": 64.9, "pct_severe": 47.9, "pct_senior_burden": 82.3, "pct_low_income_burden": 100, "pct_white": null, "pct_black": null, "pct_asian": null, "pct_latino": null}}, {"type": "Feature", "geometry": {"type": "Polygon", "coordinates": [[[-118.19238200014308, 33.76983099996698], [-118.192382999968, 33.76929700027791], [-118.1917350002378, 33.769295999627936], [-118.19107999993659, 33.76929499972466], [-118.19074000017795, 33.76929299991806], [-118.19043200020639, 33.76929200001476], [-118.18937400039736, 33.76928599984799], [-118.18934400026012, 33.76928599984799], [-118.18832400008594, 33.76928900030481], [-118.18766799995981, 33.769291000111494], [-118.1870129996586, 33.76929299991806], [-118.1863649999284, 33.769295999627936], [-118.18570999962722, 33.76929499972466], [-118.18503099993485, 33.76929399982137], [-118.18434499967152, 33.76929299991806], [-118.1836960001164, 33.76929200001476], [-118.18304199964011, 33.76929200001476], [-118.18238499968906, 33.769291000111494], [-118.18207800044073, 33.76913899973752], [-118.18189599996752, 33.76973899968446], [-118.1818669996552, 33.76983199986399], [-118.1816619996158, 33.77050399970287], [-118.18156999955428, 33.770806999933114], [-118.1814990003075, 33.77104400012797], [-118.18129199971996, 33.77171700004378], [-118.18112500021368, 33.77225100033209], [-118.1809150001514, 33.772922999866786], [-118.18090199973261, 33.7729619996613], [-118.18089099986194, 33.773002000044826], [-118.18081999971685, 33.77322999993263], [-118.18074799974683, 33.77345700010563], [-118.18073000020347, 33.773517000327196], [-118.1807040002642, 33.77359799966361], [-118.18067900014984, 33.77368000026895], [-118.18067999997476, 33.773748999743155], [-118.18067900014984, 33.77413600030941], [-118.18067800032493, 33.7746710002952], [-118.1806769996017, 33.775343000262346], [-118.18129400026808, 33.77534400009503], [-118.18154500033823, 33.77534400009503], [-118.18181300012684, 33.77534499992772], [-118.18239100043516, 33.77534499992772], [-118.18303800034045, 33.775343000262346], [-118.18369399956826, 33.77534099985026], [-118.18434100037186, 33.77534199968298], [-118.1850200000642, 33.77534199968298], [-118.18570799997738, 33.77534000001753], [-118.18602199979675, 33.77533800035209], [-118.18635499988267, 33.77533699977262], [-118.1870110000088, 33.77533800035209], [-118.1876739998076, 33.77533900018479], [-118.18831400004018, 33.77534000001753], [-118.18869300015686, 33.77534000001753], [-118.18932699964338, 33.77534099985026], [-118.18938000024512, 33.77534099985026], [-118.1900830002269, 33.77533900018479], [-118.19042200016062, 33.77533699977262], [-118.19107800028677, 33.775335999939834], [-118.19172500019204, 33.77534000001753], [-118.19238100031815, 33.77534400009503], [-118.19238100031815, 33.775247999676864], [-118.19237700012019, 33.77467200013574], [-118.19237700012019, 33.77450200019733], [-118.19237499957205, 33.774131000328666], [-118.19237600029528, 33.77345799996034], [-118.19237700012019, 33.772932999969], [-118.19237799994511, 33.77224500037253], [-118.19237899977003, 33.77170699979968], [-118.19237999959495, 33.7712999996271], [-118.19237799994511, 33.77104400012797], [-118.19237999959495, 33.770806000047465], [-118.19238100031815, 33.77050399970287], [-118.19238200014308, 33.76983099996698]]]}, "properties": {"GEOID": "06037576200", "renters": 2040, "pop": 6382, "renter_occ": 2040, "households": 2409, "pct_burden": 62.6, "pct_severe": 29.0, "pct_senior_burden": 65.5, "pct_low_income_burden": 95.0, "pct_white": null, "pct_black": null, "pct_asian": null, "pct_latino": null}}, {"type": "Feature", "geometry": {"type": "Polygon", "coordinates": [[[-118.16763299994223, 33.78623500024434], [-118.16764899983575, 33.78622099988592], [-118.16722500041153, 33.78622200033819], [-118.16621100008514, 33.786225999907515], [-118.16583899964114, 33.786225000201846], [-118.16474099964917, 33.78622700035979], [-118.16331200011938, 33.78622899977102], [-118.16221400012738, 33.78622700035979], [-118.16119499977806, 33.786225999907515], [-118.16110000024185, 33.786225999907515], [-118.15991199983816, 33.786223999749595], [-118.15969199973014, 33.786223999749595], [-118.15966999998885, 33.786223999749595], [-118.15945499990367, 33.786223999749595], [-118.15892799964898, 33.7862230000439], [-118.15674900028175, 33.786225999907515], [-118.15674699973361, 33.787129000369156], [-118.15674500008377, 33.78803900029886], [-118.15674300043398, 33.78976899991327], [-118.15783100038021, 33.78976899991327], [-118.15892799964898, 33.789773000063505], [-118.15892799964898, 33.78979099999056], [-118.15892900037221, 33.78985000030565], [-118.15971199982164, 33.78985099996894], [-118.16002599964098, 33.78985099996894], [-118.160245999749, 33.789851999632276], [-118.16046699968196, 33.789851999632276], [-118.16083199955493, 33.789851999632276], [-118.161195999603, 33.78985300004219], [-118.16141999990897, 33.78985399970551], [-118.16164500003988, 33.78985399970551], [-118.16228600009738, 33.789855000115345], [-118.16275100042779, 33.789855000115345], [-118.16300199959964, 33.789855000115345], [-118.16313700021718, 33.789855999778624], [-118.16331299994427, 33.789855999778624], [-118.1643830003472, 33.789857000188434], [-118.1647430001973, 33.7898579998517], [-118.16529999969089, 33.789855999778624], [-118.16550100043064, 33.789855000115345], [-118.16607999966558, 33.79019099979899], [-118.16623600019949, 33.790297000207744], [-118.16640600007881, 33.790413000039756], [-118.16660699992025, 33.790549000286326], [-118.16672400009612, 33.79062500017628], [-118.16681600015764, 33.790683999916645], [-118.16691599971675, 33.79074899977336], [-118.1671169995582, 33.79087700003603], [-118.16706600040288, 33.79093099985613], [-118.1669609999226, 33.79104500027703], [-118.16754199970563, 33.7914220001556], [-118.1676449996378, 33.79149199991269], [-118.1676449996378, 33.791407999898695], [-118.16764200016307, 33.789848000232325], [-118.16763999961493, 33.78981199965181], [-118.16763399976715, 33.78967500006236], [-118.16763399976715, 33.78951899985971], [-118.16763700014019, 33.788042000098855], [-118.16763299994223, 33.78623500024434]]]}, "properties": {"GEOID": "06037575101", "renters": 456, "pop": 4681, "renter_occ": 456, "households": 1239, "pct_burden": 29.2, "pct_severe": 10.3, "pct_senior_burden": 0, "pct_low_income_burden": 0, "pct_white": null, "pct_black": null, "pct_asian": null, "pct_latino": null}}, {"type": "Feature", "geometry": {"type": "Polygon", "coordinates": [[[-118.17634300025836, 33.77896500017012], [-118.17633599968735, 33.77806200023976], [-118.17633599968735, 33.77792300016741], [-118.17633800023549, 33.77722400016628], [-118.17633900006038, 33.77671000033114], [-118.17633300021262, 33.77536899964179], [-118.17634099971022, 33.77533800035209], [-118.1762910003798, 33.77534400009503], [-118.17597900021028, 33.775343000262346], [-118.17571899991928, 33.775343000262346], [-118.17549499961329, 33.775343000262346], [-118.1749509996402, 33.77534199968298], [-118.17488399969301, 33.77534199968298], [-118.1747060003161, 33.77534199968298], [-118.1736159998217, 33.77534099985026], [-118.17199700032111, 33.77533900018479], [-118.17199599959788, 33.77613599981332], [-118.17199399994809, 33.777152000322836], [-118.17199399994809, 33.77722499997702], [-118.17199200029825, 33.778063000040724], [-118.17199099957504, 33.778972000196056], [-118.17198599955216, 33.77973799968553], [-118.17197899987946, 33.78078600011682], [-118.17198399990232, 33.7825800002558], [-118.17199200029825, 33.782605999678545], [-118.17307299967348, 33.78260799992102], [-118.17361099979884, 33.78260899966886], [-118.17415599959688, 33.782605999678545], [-118.17488299986809, 33.782602999688116], [-118.17525299976396, 33.78260499993066], [-118.17559400024582, 33.782607000173115], [-118.17632800018976, 33.782611999659125], [-118.17632999983957, 33.78117400001624], [-118.17633099966446, 33.78078500034765], [-118.17634300025836, 33.77896500017012]]]}, "properties": {"GEOID": "06037576402", "renters": 1862, "pop": 6513, "renter_occ": 1879, "households": 2566, "pct_burden": 53.9, "pct_severe": 29.6, "pct_senior_burden": 77.6, "pct_low_income_burden": 100, "pct_white": null, "pct_black": null, "pct_asian": null, "pct_latino": null}}, {"type": "Feature", "geometry": {"type": "Polygon", "coordinates": [[[-118.17199700032111, 33.77533900018479], [-118.17198899992519, 33.7753170001283], [-118.17198899992519, 33.77511000010067], [-118.17199099957504, 33.774435000269435], [-118.17198899992519, 33.77353099977551], [-118.1719880001003, 33.77272100009179], [-118.1719880001003, 33.77234400002524], [-118.1719880001003, 33.77171100004682], [-118.17198899992519, 33.77119500022842], [-118.17198999975011, 33.770813999878925], [-118.17198999975011, 33.77032599983195], [-118.17199200029825, 33.76954800026796], [-118.17113199995764, 33.769435000256365], [-118.17123900008777, 33.76890100033965], [-118.1713479998677, 33.76835999993641], [-118.16955500028983, 33.76812700019981], [-118.16776400036181, 33.76788699964534], [-118.16766700027743, 33.768401000141814], [-118.16766399990438, 33.76842800004778], [-118.16764399981288, 33.768644999647], [-118.16764999966067, 33.768969000021706], [-118.16764100033816, 33.769885000362734], [-118.16764100033816, 33.770188999687875], [-118.16763999961493, 33.77080799981874], [-118.16764399981288, 33.77170599992454], [-118.16764200016307, 33.772912999763456], [-118.16764399981288, 33.77355800030513], [-118.16764700018595, 33.7744289997161], [-118.16764600036103, 33.774918999963404], [-118.16764600036103, 33.77509799983486], [-118.16764600036103, 33.77518100033245], [-118.16764600036103, 33.7753459997604], [-118.16873599995712, 33.77534099985026], [-118.16982599955317, 33.77534199968298], [-118.17090799965167, 33.775343000262346], [-118.17199700032111, 33.77533900018479]]]}, "properties": {"GEOID": "06037576503", "renters": 573, "pop": 3049, "renter_occ": 573, "households": 872, "pct_burden": 51.5, "pct_severe": 34.9, "pct_senior_burden": 64.9, "pct_low_income_burden": 100, "pct_white": null, "pct_black": null, "pct_asian": null, "pct_latino": null}}]}